dispatching_base_number,date,active_vehicles,trips
B02512,2014-04-01,792,1011
B02682,2014-04-01,112,6255
B02598,2014-04-01,3613,3738
B02764,2014-04-01,112,323
B02617,2014-04-01,2778,3219
B02512,2014-04-02,2762,1336
B02682,2014-04-02,1842,7515
B02617,2014-04-02,406,3752
B02764,2014-04-02,511,345
B02598,2014-04-02,1508,4526
B02764,2014-04-03,1542,405
B02598,2014-04-03,3574,5499
B02682,2014-04-03,115,9061
B02617,2014-04-03,1778,4254
B02512,2014-04-03,1352,1482
B02617,2014-04-04,1976,5387
B02682,2014-04-04,2077,11865
B02598,2014-04-04,1428,7151
B02764,2014-04-04,620,484
B02512,2014-04-04,3199,1827
B02682,2014-04-05,112,8640
B02598,2014-04-05,2101,5508
B02512,2014-04-05,2050,1309
B02764,2014-04-05,2135,373
B02617,2014-04-05,227,3691
B02598,2014-04-06,1095,3828
B02617,2014-04-06,2036,2747
B02512,2014-04-06,112,820
B02682,2014-04-06,624,5840
B02764,2014-04-06,1178,210
B02598,2014-04-07,134,5336
B02682,2014-04-07,1974,8537
B02764,2014-04-07,637,292
B02512,2014-04-07,1134,1376
B02617,2014-04-07,3163,4009
B02512,2014-04-08,3393,1023
B02617,2014-04-08,3194,3345
B02682,2014-04-08,3274,6763
B02764,2014-04-08,1934,276
B02598,2014-04-08,112,4781
B02682,2014-04-09,3407,7100
B02512,2014-04-09,1640,1167
B02598,2014-04-09,1418,4812
B02764,2014-04-09,1134,325
B02617,2014-04-09,1191,3439
B02764,2014-04-10,4103,372
B02617,2014-04-10,1918,3974
B02512,2014-04-10,112,1274
B02682,2014-04-10,2685,8360
B02598,2014-04-10,1695,6061
B02512,2014-04-11,112,1362
B02598,2014-04-11,3570,6213
B02617,2014-04-11,2917,4075
B02682,2014-04-11,112,8452
B02764,2014-04-11,112,318
B02764,2014-04-12,1041,368
B02512,2014-04-12,446,1087
B02598,2014-04-12,501,5908
B02682,2014-04-12,738,7505
B02617,2014-04-12,1029,3302
B02764,2014-04-13,2075,210
B02617,2014-04-13,2038,2316
B02598,2014-04-13,1281,3803
B02682,2014-04-13,1481,5000
B02512,2014-04-13,112,783
B02682,2014-04-14,212,5228
B02764,2014-04-14,112,243
B02512,2014-04-14,346,854
B02598,2014-04-14,112,3889
B02617,2014-04-14,474,2460
B02682,2014-04-15,1127,8460
B02617,2014-04-15,279,4135
B02512,2014-04-15,1509,1391
B02764,2014-04-15,1506,328
B02598,2014-04-15,2314,6327
B02764,2014-04-16,2357,292
B02617,2014-04-16,2015,3500
B02598,2014-04-16,2228,5727
B02512,2014-04-16,1325,1059
B02682,2014-04-16,2273,7139
B02617,2014-04-17,909,4013
B02512,2014-04-17,2371,1343
B02764,2014-04-17,2979,364
B02598,2014-04-17,1437,6948
B02682,2014-04-17,112,8305
B02617,2014-04-18,391,3328
B02682,2014-04-18,112,7289
B02512,2014-04-18,112,953
B02598,2014-04-18,1894,6154
B02764,2014-04-18,641,350
B02764,2014-04-19,3537,249
B02598,2014-04-19,3364,5082
B02617,2014-04-19,4255,2645
B02512,2014-04-19,2194,851
B02682,2014-04-19,1127,5775
B02512,2014-04-20,551,615
B02617,2014-04-20,2421,1985
B02682,2014-04-20,399,4498
B02598,2014-04-20,112,3674
B02764,2014-04-20,1077,245
B02764,2014-04-21,601,214
B02598,2014-04-21,1211,4592
B02512,2014-04-21,246,744
B02682,2014-04-21,1942,5258
B02617,2014-04-21,1393,2354
B02682,2014-04-22,329,6612
B02598,2014-04-22,2804,6015
B02512,2014-04-22,3533,959
B02617,2014-04-22,112,3115
B02764,2014-04-22,469,274
B02764,2014-04-23,1940,351
B02512,2014-04-23,2604,1196
B02682,2014-04-23,983,7740
B02598,2014-04-23,1384,7288
B02617,2014-04-23,2175,3771
B02764,2014-04-24,1152,413
B02598,2014-04-24,265,8232
B02617,2014-04-24,736,4375
B02682,2014-04-24,844,8938
B02512,2014-04-24,2187,1394
B02512,2014-04-25,2244,1410
B02764,2014-04-25,1365,362
B02682,2014-04-25,1791,9462
B02598,2014-04-25,112,9356
B02617,2014-04-25,1310,4505
B02764,2014-04-26,1584,445
B02512,2014-04-26,112,1418
B02682,2014-04-26,112,9410
B02598,2014-04-26,112,9468
B02617,2014-04-26,833,4184
B02617,2014-04-27,112,2660
B02682,2014-04-27,112,5335
B02764,2014-04-27,1785,239
B02598,2014-04-27,1032,5595
B02512,2014-04-27,1161,848
B02598,2014-04-28,260,5753
B02682,2014-04-28,112,5791
B02764,2014-04-28,3093,246
B02512,2014-04-28,2695,971
B02617,2014-04-28,730,2714
B02764,2014-04-29,1630,386
B02682,2014-04-29,948,8348
B02598,2014-04-29,112,8515
B02617,2014-04-29,347,4099
B02512,2014-04-29,986,1487
B02764,2014-04-30,112,606
B02598,2014-04-30,112,13484
B02617,2014-04-30,112,6648
B02512,2014-04-30,1241,2186
B02682,2014-04-30,1783,13327
B02598,2014-05-01,924,8814
B02512,2014-05-01,1911,1368
B02617,2014-05-01,316,4236
B02764,2014-05-01,2950,375
B02682,2014-05-01,3248,8582
B02764,2014-05-02,1172,333
B02617,2014-05-02,537,4289
B02682,2014-05-02,380,8752
B02598,2014-05-02,3184,9394
B02512,2014-05-02,816,1467
B02764,2014-05-03,586,322
B02512,2014-05-03,112,1287
B02598,2014-05-03,2786,8946
B02617,2014-05-03,1756,3439
B02682,2014-05-03,1051,8240
B02512,2014-05-04,112,890
B02617,2014-05-04,112,2430
B02682,2014-05-04,2422,5038
B02764,2014-05-04,2536,182
B02598,2014-05-04,3169,5378
B02682,2014-05-05,1471,6403
B02598,2014-05-05,3271,7035
B02764,2014-05-05,2081,256
B02617,2014-05-05,976,2992
B02512,2014-05-05,426,1173
B02764,2014-05-06,1359,305
B02512,2014-05-06,1180,1283
B02617,2014-05-06,112,3466
B02598,2014-05-06,648,7586
B02682,2014-05-06,112,6660
B02512,2014-05-07,3699,1221
B02764,2014-05-07,1684,349
B02617,2014-05-07,1751,3920
B02682,2014-05-07,2756,7729
B02598,2014-05-07,1690,8672
B02598,2014-05-08,896,10784
B02512,2014-05-08,1339,1575
B02764,2014-05-08,112,434
B02617,2014-05-08,112,4802
B02682,2014-05-08,112,9918
B02598,2014-05-09,112,10469
B02764,2014-05-09,1880,357
B02512,2014-05-09,2612,1554
B02682,2014-05-09,2898,9414
B02617,2014-05-09,112,4591
B02764,2014-05-10,503,320
B02617,2014-05-10,112,3630
B02512,2014-05-10,1452,1318
B02598,2014-05-10,875,9372
B02682,2014-05-10,1145,7910
B02512,2014-05-11,759,767
B02617,2014-05-11,1697,2613
B02682,2014-05-11,695,5117
B02598,2014-05-11,1728,6198
B02764,2014-05-11,1943,206
B02682,2014-05-12,1533,6075
B02598,2014-05-12,1485,7115
B02512,2014-05-12,1689,1023
B02764,2014-05-12,112,236
B02617,2014-05-12,2671,3021
B02764,2014-05-13,112,314
B02512,2014-05-13,1079,1149
B02617,2014-05-13,1498,3443
B02598,2014-05-13,608,7873
B02682,2014-05-13,1995,6719
B02598,2014-05-14,182,9002
B02764,2014-05-14,2544,297
B02617,2014-05-14,343,3995
B02682,2014-05-14,3347,7721
B02512,2014-05-14,2105,1203
B02682,2014-05-15,1552,9159
B02598,2014-05-15,112,10577
B02764,2014-05-15,2069,360
B02617,2014-05-15,712,4798
B02512,2014-05-15,2008,1407
B02617,2014-05-16,112,5982
B02764,2014-05-16,973,486
B02682,2014-05-16,112,11284
B02512,2014-05-16,1145,1750
B02598,2014-05-16,1226,12991
B02512,2014-05-17,851,1149
B02764,2014-05-17,2388,327
B02682,2014-05-17,112,7635
B02617,2014-05-17,1561,3856
B02598,2014-05-17,1059,9327
B02617,2014-05-18,112,2988
B02764,2014-05-18,112,183
B02512,2014-05-18,1273,991
B02598,2014-05-18,112,6901
B02682,2014-05-18,1608,5445
B02764,2014-05-19,504,334
B02598,2014-05-19,1207,7300
B02512,2014-05-19,1908,1089
B02682,2014-05-19,1726,6090
B02617,2014-05-19,112,3502
B02598,2014-05-20,1229,8291
B02764,2014-05-20,2758,301
B02512,2014-05-20,2577,1293
B02682,2014-05-20,2182,7119
B02617,2014-05-20,112,3856
B02682,2014-05-21,1654,7963
B02598,2014-05-21,307,9241
B02764,2014-05-21,2412,378
B02617,2014-05-21,112,4549
B02512,2014-05-21,1520,1377
B02598,2014-05-22,112,10479
B02764,2014-05-22,2682,374
B02617,2014-05-22,944,5440
B02682,2014-05-22,2068,9029
B02512,2014-05-22,943,1480
B02764,2014-05-23,2869,367
B02682,2014-05-23,112,8754
B02617,2014-05-23,1344,5366
B02512,2014-05-23,126,1349
B02598,2014-05-23,112,10629
B02617,2014-05-24,1214,2959
B02598,2014-05-24,2076,5910
B02682,2014-05-24,2505,4864
B02764,2014-05-24,2304,213
B02512,2014-05-24,2055,705
B02764,2014-05-25,112,174
B02512,2014-05-25,2367,544
B02617,2014-05-25,1982,2312
B02598,2014-05-25,125,4306
B02682,2014-05-25,1307,3505
B02764,2014-05-26,2676,177
B02682,2014-05-26,1367,3074
B02512,2014-05-26,1520,471
B02617,2014-05-26,648,2196
B02598,2014-05-26,2178,4284
B02512,2014-05-27,203,936
B02682,2014-05-27,3082,5532
B02598,2014-05-27,112,6801
B02617,2014-05-27,541,3496
B02764,2014-05-27,3835,239
B02512,2014-05-28,1490,1266
B02617,2014-05-28,416,4842
B02598,2014-05-28,1533,8889
B02682,2014-05-28,112,6891
B02764,2014-05-28,2876,352
B02764,2014-05-29,2138,341
B02598,2014-05-29,883,9719
B02617,2014-05-29,533,5586
B02512,2014-05-29,359,1342
B02682,2014-05-29,827,7942
B02512,2014-05-30,1564,1293
B02682,2014-05-30,1142,7725
B02598,2014-05-30,112,9642
B02617,2014-05-30,1984,5447
B02764,2014-05-30,663,306
B02512,2014-05-31,3346,1045
B02617,2014-05-31,1238,4692
B02598,2014-05-31,2736,8624
B02682,2014-05-31,1215,6594
B02764,2014-05-31,2617,306
B02617,2014-06-01,1852,3747
B02598,2014-06-01,1109,6257
B02512,2014-06-01,112,825
B02764,2014-06-01,1432,189
B02682,2014-06-01,305,4949
B02764,2014-06-02,112,231
B02512,2014-06-02,2383,975
B02617,2014-06-02,3554,3943
B02682,2014-06-02,112,5637
B02598,2014-06-02,2565,6717
B02512,2014-06-03,1690,1237
B02617,2014-06-03,1101,5249
B02682,2014-06-03,2922,6915
B02598,2014-06-03,112,8924
B02764,2014-06-03,3331,349
B02617,2014-06-04,1680,5560
B02682,2014-06-04,112,6924
B02598,2014-06-04,1157,8898
B02764,2014-06-04,928,255
B02512,2014-06-04,122,1194
B02764,2014-06-05,173,390
B02682,2014-06-05,716,8680
B02598,2014-06-05,3904,10970
B02617,2014-06-05,1371,6745
B02512,2014-06-05,2468,1586
B02512,2014-06-06,1773,1225
B02682,2014-06-06,112,7745
B02764,2014-06-06,1554,314
B02598,2014-06-06,2105,9396
B02617,2014-06-06,112,6003
B02682,2014-06-07,112,6419
B02764,2014-06-07,978,312
B02598,2014-06-07,2427,7985
B02617,2014-06-07,876,5213
B02512,2014-06-07,1336,960
B02764,2014-06-08,3618,194
B02598,2014-06-08,469,5936
B02512,2014-06-08,112,787
B02617,2014-06-08,112,4059
B02682,2014-06-08,471,4773
B02764,2014-06-09,485,374
B02617,2014-06-09,2570,5758
B02598,2014-06-09,112,8772
B02512,2014-06-09,112,1193
B02682,2014-06-09,870,7147
B02682,2014-06-10,2678,6902
B02617,2014-06-10,680,5826
B02764,2014-06-10,613,303
B02598,2014-06-10,1469,8639
B02512,2014-06-10,467,1204
B02682,2014-06-11,566,7914
B02512,2014-06-11,2928,1330
B02617,2014-06-11,112,6601
B02764,2014-06-11,1593,368
B02598,2014-06-11,112,9503
B02682,2014-06-12,478,8881
B02512,2014-06-12,806,1590
B02598,2014-06-12,1713,10898
B02617,2014-06-12,265,7965
B02764,2014-06-12,112,510
B02617,2014-06-13,1449,8234
B02764,2014-06-13,2325,438
B02512,2014-06-13,3405,1651
B02682,2014-06-13,1768,9502
B02598,2014-06-13,1548,11382
B02764,2014-06-14,790,250
B02598,2014-06-14,2344,7190
B02512,2014-06-14,112,910
B02682,2014-06-14,112,5833
B02617,2014-06-14,142,5144
B02617,2014-06-15,112,4139
B02512,2014-06-15,3354,649
B02598,2014-06-15,1108,5369
B02764,2014-06-15,1173,191
B02682,2014-06-15,3399,4163
B02512,2014-06-16,1393,931
B02682,2014-06-16,284,5069
B02617,2014-06-16,1092,4962
B02598,2014-06-16,961,6540
B02764,2014-06-16,112,276
B02598,2014-06-17,112,7975
B02512,2014-06-17,112,1125
B02682,2014-06-17,2178,6310
B02764,2014-06-17,1711,326
B02617,2014-06-17,2386,6071
B02617,2014-06-18,2020,6958
B02512,2014-06-18,1351,1198
B02764,2014-06-18,112,357
B02682,2014-06-18,1890,7223
B02598,2014-06-18,112,8911
B02682,2014-06-19,507,7995
B02764,2014-06-19,2627,426
B02512,2014-06-19,1634,1528
B02598,2014-06-19,1551,10342
B02617,2014-06-19,586,8303
B02617,2014-06-20,1049,7421
B02682,2014-06-20,3417,6851
B02764,2014-06-20,559,321
B02598,2014-06-20,1731,8584
B02512,2014-06-20,1074,1094
B02682,2014-06-21,981,5687
B02617,2014-06-21,112,6006
B02512,2014-06-21,112,859
B02764,2014-06-21,1909,240
B02598,2014-06-21,1183,7148
B02764,2014-06-22,3178,192
B02598,2014-06-22,3157,5649
B02512,2014-06-22,3932,757
B02617,2014-06-22,772,5033
B02682,2014-06-22,1263,4691
B02617,2014-06-23,1962,5429
B02764,2014-06-23,1463,278
B02512,2014-06-23,1329,809
B02682,2014-06-23,1986,5013
B02598,2014-06-23,297,6206
B02682,2014-06-24,1553,5812
B02512,2014-06-24,2058,856
B02598,2014-06-24,1933,7318
B02617,2014-06-24,707,6507
B02764,2014-06-24,576,286
B02617,2014-06-25,1004,8299
B02598,2014-06-25,1383,9311
B02764,2014-06-25,1346,343
B02512,2014-06-25,1989,1144
B02682,2014-06-25,2297,7363
B02598,2014-06-26,1739,9818
B02512,2014-06-26,1107,1351
B02617,2014-06-26,315,8999
B02764,2014-06-26,3283,346
B02682,2014-06-26,112,8002
B02764,2014-06-27,112,311
B02617,2014-06-27,1314,7946
B02682,2014-06-27,2049,6938
B02598,2014-06-27,562,8646
B02512,2014-06-27,1375,1054
B02617,2014-06-28,521,6940
B02598,2014-06-28,277,7287
B02682,2014-06-28,731,5885
B02512,2014-06-28,3233,892
B02764,2014-06-28,112,204
B02512,2014-06-29,255,718
B02598,2014-06-29,340,6038
B02617,2014-06-29,112,5645
B02682,2014-06-29,255,4535
B02764,2014-06-29,112,171
B02512,2014-06-30,2124,877
B02764,2014-06-30,253,229
B02617,2014-06-30,507,5755
B02682,2014-06-30,1950,5168
B02598,2014-06-30,2177,6366
B02617,2014-07-01,2793,6955
B02682,2014-07-01,381,5744
B02764,2014-07-01,689,273
B02512,2014-07-01,1623,1020
B02598,2014-07-01,112,7236
B02764,2014-07-02,4168,323
B02598,2014-07-02,112,8799
B02617,2014-07-02,1918,8636
B02512,2014-07-02,1763,1265
B02682,2014-07-02,331,7457
B02764,2014-07-03,1129,252
B02682,2014-07-03,443,5986
B02617,2014-07-03,1572,7105
B02598,2014-07-03,112,7240
B02512,2014-07-03,1985,1014
B02682,2014-07-04,300,3812
B02617,2014-07-04,414,5133
B02512,2014-07-04,540,547
B02598,2014-07-04,1776,4515
B02764,2014-07-04,2031,141
B02512,2014-07-05,1282,397
B02764,2014-07-05,2759,114
B02598,2014-07-05,2369,3557
B02617,2014-07-05,112,3940
B02682,2014-07-05,1964,2882
B02512,2014-07-06,1848,430
B02598,2014-07-06,1105,3780
B02764,2014-07-06,2167,120
B02682,2014-07-06,146,3125
B02617,2014-07-06,957,3988
B02598,2014-07-07,2474,5882
B02617,2014-07-07,1404,6358
B02764,2014-07-07,543,190
B02512,2014-07-07,1066,874
B02682,2014-07-07,2787,4976
B02512,2014-07-08,1477,1221
B02764,2014-07-08,112,360
B02598,2014-07-08,1663,8442
B02617,2014-07-08,112,8921
B02682,2014-07-08,112,6819
B02598,2014-07-09,2780,8941
B02617,2014-07-09,1668,10002
B02512,2014-07-09,2046,1366
B02682,2014-07-09,2329,7249
B02764,2014-07-09,1548,259
B02598,2014-07-10,1630,9805
B02512,2014-07-10,112,1401
B02617,2014-07-10,1973,11146
B02682,2014-07-10,1505,7803
B02764,2014-07-10,2265,386
B02682,2014-07-11,2053,7242
B02617,2014-07-11,112,10835
B02764,2014-07-11,1225,298
B02512,2014-07-11,167,1232
B02598,2014-07-11,112,9145
B02764,2014-07-12,244,231
B02512,2014-07-12,224,955
B02617,2014-07-12,904,9867
B02682,2014-07-12,112,6503
B02598,2014-07-12,1214,8380
B02617,2014-07-13,112,8209
B02764,2014-07-13,1440,215
B02512,2014-07-13,787,915
B02598,2014-07-13,1998,6532
B02682,2014-07-13,1247,5211
B02682,2014-07-14,1074,6799
B02617,2014-07-14,394,10269
B02598,2014-07-14,1421,8564
B02512,2014-07-14,112,1375
B02764,2014-07-14,1854,343
B02617,2014-07-15,3451,12777
B02682,2014-07-15,188,8302
B02512,2014-07-15,630,1654
B02764,2014-07-15,531,362
B02598,2014-07-15,1320,10750
B02682,2014-07-16,355,7105
B02764,2014-07-16,112,342
B02512,2014-07-16,2309,1311
B02617,2014-07-16,136,11259
B02598,2014-07-16,112,8590
B02682,2014-07-17,562,7557
B02512,2014-07-17,3706,1284
B02764,2014-07-17,1895,359
B02617,2014-07-17,1149,12064
B02598,2014-07-17,2537,9446
B02598,2014-07-18,1575,8897
B02682,2014-07-18,2984,7308
B02512,2014-07-18,1771,1220
B02764,2014-07-18,2495,284
B02617,2014-07-18,610,12151
B02598,2014-07-19,1087,7848
B02617,2014-07-19,807,10412
B02764,2014-07-19,112,218
B02682,2014-07-19,544,6302
B02512,2014-07-19,112,946
B02682,2014-07-20,112,5155
B02764,2014-07-20,3057,177
B02598,2014-07-20,2184,6342
B02512,2014-07-20,1821,850
B02617,2014-07-20,2853,8688
B02764,2014-07-21,621,315
B02617,2014-07-21,2144,9699
B02512,2014-07-21,112,1002
B02682,2014-07-21,112,5725
B02598,2014-07-21,911,6837
B02617,2014-07-22,1521,11847
B02598,2014-07-22,433,8541
B02512,2014-07-22,112,1345
B02682,2014-07-22,1336,6981
B02764,2014-07-22,798,315
B02598,2014-07-23,949,10104
B02512,2014-07-23,268,1584
B02682,2014-07-23,112,8106
B02617,2014-07-23,1553,13873
B02764,2014-07-23,112,406
B02682,2014-07-24,2206,7408
B02764,2014-07-24,3157,355
B02512,2014-07-24,1720,1313
B02598,2014-07-24,2859,9803
B02617,2014-07-24,1237,13171
B02617,2014-07-25,737,12466
B02764,2014-07-25,112,314
B02512,2014-07-25,1872,1265
B02598,2014-07-25,2664,8909
B02682,2014-07-25,316,7021
B02598,2014-07-26,2031,8463
B02682,2014-07-26,4203,6230
B02617,2014-07-26,2366,11634
B02764,2014-07-26,1254,260
B02512,2014-07-26,1006,1121
B02598,2014-07-27,2803,6725
B02617,2014-07-27,3100,9749
B02512,2014-07-27,2216,749
B02764,2014-07-27,1097,183
B02682,2014-07-27,993,5184
B02764,2014-07-28,1552,203
B02617,2014-07-28,3403,10201
B02682,2014-07-28,756,5509
B02512,2014-07-28,274,1240
B02598,2014-07-28,2466,6828
B02598,2014-07-29,3462,7969
B02617,2014-07-29,330,11735
B02764,2014-07-29,1186,270
B02512,2014-07-29,2338,1340
B02682,2014-07-29,2409,6275
B02512,2014-07-30,168,1334
B02682,2014-07-30,2062,7174
B02598,2014-07-30,1204,8883
B02617,2014-07-30,112,13030
B02764,2014-07-30,170,319
B02764,2014-07-31,276,402
B02682,2014-07-31,112,7804
B02512,2014-07-31,1923,1451
B02598,2014-07-31,1022,9844
B02617,2014-07-31,361,14040
B02598,2014-08-01,817,9392
B02764,2014-08-01,1911,376
B02617,2014-08-01,419,13810
B02512,2014-08-01,949,1342
B02682,2014-08-01,428,7433
B02617,2014-08-02,1409,12752
B02682,2014-08-02,112,6300
B02764,2014-08-02,112,356
B02512,2014-08-02,1624,1062
B02598,2014-08-02,2411,8208
B02764,2014-08-03,2092,299
B02617,2014-08-03,3124,10394
B02682,2014-08-03,2452,5246
B02598,2014-08-03,1101,6293
B02512,2014-08-03,112,914
B02682,2014-08-04,249,5489
B02598,2014-08-04,2054,6824
B02512,2014-08-04,112,1145
B02617,2014-08-04,795,11121
B02764,2014-08-04,1230,373
B02598,2014-08-05,1658,7624
B02617,2014-08-05,112,12611
B02764,2014-08-05,399,462
B02512,2014-08-05,932,1167
B02682,2014-08-05,994,6230
B02764,2014-08-06,2210,564
B02598,2014-08-06,112,8587
B02512,2014-08-06,1537,1314
B02682,2014-08-06,441,6748
B02617,2014-08-06,1609,13282
B02598,2014-08-07,2403,9175
B02764,2014-08-07,3815,682
B02512,2014-08-07,2026,1400
B02617,2014-08-07,112,14214
B02682,2014-08-07,1944,7288
B02617,2014-08-08,3634,13198
B02512,2014-08-08,855,1173
B02764,2014-08-08,578,755
B02682,2014-08-08,2148,6652
B02598,2014-08-08,1816,8633
B02598,2014-08-09,3883,7387
B02512,2014-08-09,1428,923
B02764,2014-08-09,2166,843
B02617,2014-08-09,3063,11704
B02682,2014-08-09,2962,5429
B02512,2014-08-10,2680,770
B02598,2014-08-10,2904,5481
B02764,2014-08-10,112,577
B02682,2014-08-10,2886,4389
B02617,2014-08-10,1712,9367
B02512,2014-08-11,1532,909
B02764,2014-08-11,2417,762
B02682,2014-08-11,1652,4876
B02598,2014-08-11,2271,6089
B02617,2014-08-11,1601,9996
B02512,2014-08-12,2249,1387
B02764,2014-08-12,2004,1155
B02617,2014-08-12,2609,12969
B02598,2014-08-12,743,7939
B02682,2014-08-12,2458,6196
B02682,2014-08-13,2729,6341
B02617,2014-08-13,3247,12945
B02598,2014-08-13,823,8103
B02512,2014-08-13,959,1180
B02764,2014-08-13,732,1219
B02617,2014-08-14,2459,13232
B02764,2014-08-14,2284,1395
B02682,2014-08-14,2240,6250
B02512,2014-08-14,1969,1147
B02598,2014-08-14,542,8433
B02598,2014-08-15,763,7901
B02512,2014-08-15,268,1051
B02682,2014-08-15,793,5966
B02764,2014-08-15,1424,1587
B02617,2014-08-15,609,12469
B02617,2014-08-16,112,11514
B02512,2014-08-16,3004,861
B02764,2014-08-16,3494,1568
B02682,2014-08-16,2033,5343
B02598,2014-08-16,112,6948
B02764,2014-08-17,2278,1209
B02598,2014-08-17,112,5318
B02617,2014-08-17,697,9434
B02682,2014-08-17,2277,4425
B02512,2014-08-17,1287,823
B02682,2014-08-18,112,4491
B02617,2014-08-18,112,9629
B02512,2014-08-18,112,898
B02598,2014-08-18,887,5477
B02764,2014-08-18,2618,1461
B02598,2014-08-19,1458,6664
B02682,2014-08-19,112,4831
B02512,2014-08-19,1326,1024
B02764,2014-08-19,1289,1771
B02617,2014-08-19,2395,10544
B02682,2014-08-20,3021,5627
B02764,2014-08-20,112,1986
B02598,2014-08-20,112,7310
B02512,2014-08-20,1481,1092
B02617,2014-08-20,1520,11940
B02682,2014-08-21,1111,6639
B02764,2014-08-21,938,2293
B02617,2014-08-21,112,13646
B02598,2014-08-21,1938,8523
B02512,2014-08-21,865,1203
B02764,2014-08-22,542,2466
B02617,2014-08-22,198,12361
B02682,2014-08-22,2140,5965
B02598,2014-08-22,3541,7688
B02512,2014-08-22,1521,1032
B02617,2014-08-23,2832,11355
B02764,2014-08-23,119,2562
B02512,2014-08-23,112,879
B02598,2014-08-23,112,6852
B02682,2014-08-23,1548,5449
B02682,2014-08-24,1981,4329
B02617,2014-08-24,1762,9475
B02512,2014-08-24,1606,769
B02598,2014-08-24,2944,5631
B02764,2014-08-24,112,1832
B02598,2014-08-25,1467,5521
B02764,2014-08-25,563,2084
B02512,2014-08-25,1884,777
B02617,2014-08-25,2477,9266
B02682,2014-08-25,2307,4445
B02617,2014-08-26,2856,9952
B02598,2014-08-26,1523,6015
B02682,2014-08-26,645,5198
B02764,2014-08-26,717,2442
B02512,2014-08-26,2020,943
B02764,2014-08-27,599,2660
B02617,2014-08-27,1676,11047
B02682,2014-08-27,1101,5553
B02512,2014-08-27,1465,930
B02598,2014-08-27,3163,6828
B02598,2014-08-28,2540,7126
B02617,2014-08-28,1941,11663
B02512,2014-08-28,2725,959
B02682,2014-08-28,112,5654
B02764,2014-08-28,622,3195
B02598,2014-08-29,1275,6819
B02512,2014-08-29,1917,936
B02682,2014-08-29,3242,5437
B02764,2014-08-29,786,3322
B02617,2014-08-29,666,10910
B02764,2014-08-30,2480,3286
B02617,2014-08-30,112,9445
B02512,2014-08-30,112,724
B02682,2014-08-30,2603,4719
B02598,2014-08-30,349,5756
B02512,2014-08-31,112,738
B02682,2014-08-31,1747,4342
B02598,2014-08-31,647,5584
B02764,2014-08-31,4395,3049
B02617,2014-08-31,112,9558
B02598,2014-09-01,405,4626
B02512,2014-09-01,555,638
B02617,2014-09-01,242,7940
B02764,2014-09-01,2990,3080
B02682,2014-09-01,1244,3677
B02512,2014-09-02,239,1188
B02682,2014-09-02,816,5729
B02617,2014-09-02,2170,11642
B02764,2014-09-02,1465,3302
B02598,2014-09-02,112,6970
B02682,2014-09-03,1756,6462
B02764,2014-09-03,1085,3787
B02512,2014-09-03,112,1284
B02598,2014-09-03,2267,8079
B02617,2014-09-03,4395,13019
B02617,2014-09-04,3469,15185
B02598,2014-09-04,112,9412
B02764,2014-09-04,365,4580
B02682,2014-09-04,2235,7670
B02512,2014-09-04,1736,1513
B02764,2014-09-05,112,5343
B02598,2014-09-05,1706,10036
B02617,2014-09-05,737,16472
B02512,2014-09-05,2056,1808
B02682,2014-09-05,1029,8660
B02512,2014-09-06,3612,1580
B02617,2014-09-06,112,15573
B02764,2014-09-06,1023,5387
B02598,2014-09-06,1482,9848
B02682,2014-09-06,2370,8132
B02682,2014-09-07,1761,5983
B02598,2014-09-07,426,7122
B02617,2014-09-07,603,11639
B02512,2014-09-07,1352,1124
B02764,2014-09-07,2260,4266
B02512,2014-09-08,1587,1211
B02617,2014-09-08,1023,11752
B02598,2014-09-08,112,7286
B02682,2014-09-08,112,6257
B02764,2014-09-08,2837,3854
B02598,2014-09-09,691,8393
B02682,2014-09-09,693,6776
B02617,2014-09-09,2226,13211
B02512,2014-09-09,1865,1254
B02764,2014-09-09,668,4926
B02764,2014-09-10,1995,5293
B02598,2014-09-10,2006,8802
B02512,2014-09-10,112,1374
B02617,2014-09-10,2311,13582
B02682,2014-09-10,1830,6859
B02682,2014-09-11,112,7202
B02617,2014-09-11,747,13518
B02764,2014-09-11,1637,5400
B02598,2014-09-11,3199,8954
B02512,2014-09-11,838,1365
B02598,2014-09-12,702,9690
B02512,2014-09-12,698,1423
B02764,2014-09-12,196,6237
B02617,2014-09-12,1078,14597
B02682,2014-09-12,1817,7593
B02598,2014-09-13,2188,10438
B02764,2014-09-13,112,7442
B02617,2014-09-13,745,15692
B02682,2014-09-13,2365,8207
B02512,2014-09-13,2259,1426
B02598,2014-09-14,1137,6384
B02682,2014-09-14,1769,5317
B02512,2014-09-14,563,846
B02764,2014-09-14,870,4994
B02617,2014-09-14,1175,10581
B02512,2014-09-15,3136,1083
B02764,2014-09-15,305,4840
B02617,2014-09-15,986,10831
B02682,2014-09-15,1302,5780
B02598,2014-09-15,1073,6920
B02617,2014-09-16,112,12973
B02764,2014-09-16,2879,6154
B02598,2014-09-16,112,8654
B02682,2014-09-16,1295,6972
B02512,2014-09-16,112,1339
B02512,2014-09-17,2421,1158
B02598,2014-09-17,1716,8231
B02764,2014-09-17,684,6229
B02617,2014-09-17,1882,13106
B02682,2014-09-17,1177,6807
B02764,2014-09-18,228,7019
B02512,2014-09-18,877,1247
B02682,2014-09-18,1010,7812
B02598,2014-09-18,112,9581
B02617,2014-09-18,112,14615
B02764,2014-09-19,2465,7436
B02682,2014-09-19,900,7905
B02598,2014-09-19,1558,9969
B02512,2014-09-19,112,1348
B02617,2014-09-19,3161,14359
B02617,2014-09-20,250,13529
B02598,2014-09-20,1085,8896
B02682,2014-09-20,3103,7368
B02512,2014-09-20,635,1104
B02764,2014-09-20,1682,7967
B02682,2014-09-21,1298,5589
B02598,2014-09-21,1038,6429
B02764,2014-09-21,1252,5636
B02512,2014-09-21,627,834
B02617,2014-09-21,411,10132
B02598,2014-09-22,2500,6389
B02682,2014-09-22,3254,5506
B02512,2014-09-22,640,917
B02764,2014-09-22,1477,5366
B02617,2014-09-22,502,10134
B02764,2014-09-23,957,6006
B02617,2014-09-23,1495,10911
B02512,2014-09-23,112,866
B02682,2014-09-23,112,5681
B02598,2014-09-23,112,6852
B02617,2014-09-24,1711,11114
B02682,2014-09-24,1021,5826
B02598,2014-09-24,615,7123
B02512,2014-09-24,2519,860
B02764,2014-09-24,183,6378
B02764,2014-09-25,112,8221
B02598,2014-09-25,2913,8674
B02682,2014-09-25,112,7166
B02617,2014-09-25,637,13127
B02512,2014-09-25,4035,1015
B02512,2014-09-26,112,953
B02617,2014-09-26,1832,13044
B02598,2014-09-26,1979,8307
B02682,2014-09-26,112,6567
B02764,2014-09-26,1120,8633
B02617,2014-09-27,2851,13436
B02682,2014-09-27,3325,6899
B02764,2014-09-27,1059,9632
B02598,2014-09-27,112,8496
B02512,2014-09-27,3497,1005
B02512,2014-09-28,236,734
B02617,2014-09-28,2374,10564
B02598,2014-09-28,112,6099
B02682,2014-09-28,907,5327
B02764,2014-09-28,112,6932
B02617,2014-09-29,1112,10125
B02512,2014-09-29,405,905
B02682,2014-09-29,1290,5352
B02598,2014-09-29,112,6394
B02764,2014-09-29,112,6425
B02764,2014-09-30,1817,7568
B02598,2014-09-30,903,7546
B02512,2014-09-30,1513,968
B02617,2014-09-30,1999,11292
B02682,2014-09-30,628,6057
B02764,2015-01-01,2496,2888
B02764,2015-01-01,875,6227
B02512,2015-01-01,1113,1275
B02765,2015-01-01,3091,1834
B02764,2015-01-01,1790,8740
B02764,2015-01-01,112,5183
B02617,2015-01-01,1140,9845
B02764,2015-01-01,2383,7309
B02598,2015-01-01,1551,7029
B02682,2015-01-01,1750,7715
B02512,2015-01-02,2686,933
B02598,2015-01-02,1117,4825
B02764,2015-01-02,403,4861
B02765,2015-01-02,437,1040
B02764,2015-01-02,2931,3212
B02617,2015-01-02,954,7332
B02682,2015-01-02,3215,5540
B02764,2015-01-02,1592,4274
B02764,2015-01-02,1979,1908
B02764,2015-01-02,1350,456
B02764,2015-01-02,112,5906
B02617,2015-01-03,1163,11001
B02682,2015-01-03,1285,8090
B02512,2015-01-03,1565,1157
B02765,2015-01-03,1750,1561
B02598,2015-01-03,2926,7437
B02764,2015-01-03,112,30598
B02598,2015-01-04,227,5295
B02512,2015-01-04,3439,848
B02764,2015-01-04,2966,21110
B02617,2015-01-04,2208,8017
B02682,2015-01-04,968,5655
B02765,2015-01-04,1986,1018
B02764,2015-01-05,269,3446
B02764,2015-01-05,1275,8492
B02598,2015-01-05,112,5801
B02764,2015-01-05,112,9568
B02765,2015-01-05,112,1131
B02682,2015-01-05,986,6102
B02617,2015-01-05,3072,8075
B02512,2015-01-05,1587,1063
B02765,2015-01-06,806,1377
B02682,2015-01-06,668,7609
B02764,2015-01-06,1730,23890
B02764,2015-01-06,474,2084
B02512,2015-01-06,750,1399
B02598,2015-01-06,1200,6797
B02617,2015-01-06,1975,10383
B02617,2015-01-07,1244,11794
B02682,2015-01-07,1524,9225
B02764,2015-01-07,2157,3691
B02598,2015-01-07,1469,8334
B02765,2015-01-07,1674,1742
B02764,2015-01-07,1153,27057
B02512,2015-01-07,1205,1532
B02764,2015-01-08,1641,1952
B02617,2015-01-08,112,13853
B02512,2015-01-08,1085,1907
B02764,2015-01-08,130,32663
B02765,2015-01-08,1512,1954
B02682,2015-01-08,1373,10532
B02598,2015-01-08,857,10155
B02764,2015-01-09,732,5369
B02512,2015-01-09,1976,1713
B02765,2015-01-09,1837,2096
B02617,2015-01-09,619,13532
B02598,2015-01-09,1182,9584
B02764,2015-01-09,1234,29208
B02682,2015-01-09,1050,8091
B02682,2015-01-09,693,2531
B02764,2015-01-10,2546,3657
B02764,2015-01-10,1510,17683
B02617,2015-01-10,112,14242
B02598,2015-01-10,697,10383
B02765,2015-01-10,2491,2248
B02764,2015-01-10,1390,9135
B02764,2015-01-10,801,9712
B02512,2015-01-10,2502,1810
B02682,2015-01-10,2322,11786
B02682,2015-01-11,2566,5914
B02617,2015-01-11,2003,11254
B02764,2015-01-11,112,9112
B02764,2015-01-11,112,6299
B02764,2015-01-11,295,8262
B02682,2015-01-11,112,2697
B02512,2015-01-11,112,1255
B02764,2015-01-11,3439,4908
B02598,2015-01-11,112,7374
B02765,2015-01-11,1812,1676
B02512,2015-01-12,1807,1530
B02617,2015-01-12,1143,10919
B02764,2015-01-12,1960,13700
B02765,2015-01-12,1285,1760
B02764,2015-01-12,2183,9755
B02764,2015-01-12,2564,429
B02764,2015-01-12,1087,3781
B02682,2015-01-12,1378,9232
B02598,2015-01-12,1157,7885
B02764,2015-01-13,112,7043
B02764,2015-01-13,2259,12034
B02765,2015-01-13,515,1742
B02512,2015-01-13,112,1800
B02682,2015-01-13,1142,9775
B02598,2015-01-13,987,8611
B02764,2015-01-13,1262,8601
B02617,2015-01-13,1569,12049
B02764,2015-01-13,2051,3110
B02598,2015-01-14,1123,8809
B02764,2015-01-14,1020,7531
B02764,2015-01-14,2209,705
B02764,2015-01-14,1808,519
B02764,2015-01-14,357,2609
B02764,2015-01-14,2112,8430
B02764,2015-01-14,2003,1596
B02765,2015-01-14,341,1622
B02512,2015-01-14,1997,1720
B02764,2015-01-14,246,9083
B02682,2015-01-14,112,9899
B02617,2015-01-14,2569,12202
B02682,2015-01-15,4304,10484
B02598,2015-01-15,1106,9129
B02764,2015-01-15,1050,9142
B02764,2015-01-15,2911,7342
B02512,2015-01-15,1542,1753
B02617,2015-01-15,112,12888
B02764,2015-01-15,112,9145
B02764,2015-01-15,1085,6507
B02765,2015-01-15,1933,1821
B02764,2015-01-16,849,696
B02512,2015-01-16,663,1630
B02598,2015-01-16,1118,7950
B02764,2015-01-16,1921,2672
B02764,2015-01-16,746,9150
B02682,2015-01-16,319,11385
B02764,2015-01-16,1293,4311
B02764,2015-01-16,1442,9150
B02617,2015-01-16,454,3784
B02764,2015-01-16,2038,4813
B02617,2015-01-16,1719,9499
B02764,2015-01-16,112,3343
B02764,2015-01-16,1065,1775
B02598,2015-01-16,112,1889
B02765,2015-01-16,1759,2146
B02617,2015-01-17,1964,13102
B02512,2015-01-17,1330,1382
B02598,2015-01-17,538,9587
B02765,2015-01-17,341,2190
B02764,2015-01-17,1510,14602
B02764,2015-01-17,3157,2421
B02682,2015-01-17,2179,11414
B02764,2015-01-17,1180,8878
B02764,2015-01-17,2181,6792
B02764,2015-01-17,1564,4996
B02764,2015-01-18,112,1950
B02598,2015-01-18,1255,937
B02764,2015-01-18,1692,9116
B02765,2015-01-18,367,2334
B02764,2015-01-18,326,4529
B02617,2015-01-18,2531,13301
B02764,2015-01-18,2289,3929
B02764,2015-01-18,2112,2991
B02764,2015-01-18,1299,5778
B02598,2015-01-18,937,8615
B02764,2015-01-18,926,1285
B02512,2015-01-18,1001,1677
B02764,2015-01-18,906,6778
B02682,2015-01-18,1740,11303
B02512,2015-01-19,2961,1129
B02598,2015-01-19,689,5558
B02765,2015-01-19,1821,1587
B02617,2015-01-19,112,8015
B02682,2015-01-19,554,4763
B02682,2015-01-19,2146,2392
B02764,2015-01-19,935,9146
B02764,2015-01-19,2067,7746
B02764,2015-01-19,1403,2768
B02764,2015-01-19,914,3921
B02765,2015-01-20,112,1653
B02512,2015-01-20,664,1411
B02598,2015-01-20,437,7156
B02682,2015-01-20,112,8647
B02764,2015-01-20,3369,177
B02764,2015-01-20,316,6379
B02764,2015-01-20,906,2286
B02764,2015-01-20,1143,8857
B02764,2015-01-20,112,9130
B02617,2015-01-20,1233,10171
B02764,2015-01-21,1018,6686
B02617,2015-01-21,2547,11262
B02764,2015-01-21,2663,2207
B02764,2015-01-21,212,8842
B02764,2015-01-21,3415,2081
B02682,2015-01-21,798,9567
B02765,2015-01-21,3158,1820
B02764,2015-01-21,2487,2732
B02764,2015-01-21,1514,4973
B02764,2015-01-21,1502,654
B02598,2015-01-21,2791,7947
B02512,2015-01-21,2259,1612
B02598,2015-01-22,112,8979
B02765,2015-01-22,112,2057
B02512,2015-01-22,2711,1665
B02764,2015-01-22,2372,9135
B02617,2015-01-22,1939,12414
B02764,2015-01-22,1426,1947
B02764,2015-01-22,1897,6391
B02764,2015-01-22,3400,4328
B02764,2015-01-22,2705,3057
B02764,2015-01-22,1716,6061
B02682,2015-01-22,918,10785
B02764,2015-01-23,1062,1536
B02682,2015-01-23,112,11914
B02512,2015-01-23,1206,1809
B02764,2015-01-23,1881,7978
B02598,2015-01-23,2670,9333
B02764,2015-01-23,1526,8455
B02764,2015-01-23,1246,5978
B02764,2015-01-23,4395,5646
B02617,2015-01-23,1778,13365
B02764,2015-01-23,1412,1006
B02764,2015-01-23,1627,4146
B02765,2015-01-23,2478,2197
B02764,2015-01-24,1277,4871
B02764,2015-01-24,728,8464
B02598,2015-01-24,112,10009
B02764,2015-01-24,2171,8045
B02764,2015-01-24,1781,6568
B02617,2015-01-24,1477,14549
B02512,2015-01-24,1696,1740
B02765,2015-01-24,1359,2426
B02764,2015-01-24,2705,4263
B02764,2015-01-24,3063,3725
B02764,2015-01-24,1906,1797
B02682,2015-01-24,1234,13539
B02764,2015-01-24,288,2592
B02764,2015-01-25,1802,8536
B02764,2015-01-25,1756,201
B02682,2015-01-25,2369,9455
B02598,2015-01-25,1788,7220
B02765,2015-01-25,1726,1769
B02764,2015-01-25,1328,4836
B02764,2015-01-25,318,2879
B02764,2015-01-25,1166,2677
B02764,2015-01-25,2223,8927
B02764,2015-01-25,112,598
B02764,2015-01-25,112,326
B02617,2015-01-25,1127,10646
B02512,2015-01-25,1020,1312
B02512,2015-01-26,1905,1054
B02617,2015-01-26,958,443
B02765,2015-01-26,3791,1381
B02764,2015-01-26,930,4929
B02764,2015-01-26,975,9326
B02682,2015-01-26,112,7640
B02598,2015-01-26,1033,5862
B02617,2015-01-26,1346,7377
B02764,2015-01-26,3897,6298
B02764,2015-01-27,1518,9125
B02617,2015-01-27,1432,1849
B02598,2015-01-27,112,2942
B02682,2015-01-27,783,4511
B02512,2015-01-27,691,683
B02764,2015-01-27,1210,439
B02764,2015-01-27,112,1266
B02617,2015-01-27,2173,2576
B02764,2015-01-27,1624,1625
B02765,2015-01-27,805,938
B02764,2015-01-28,880,4418
B02764,2015-01-28,130,8575
B02617,2015-01-28,112,11015
B02764,2015-01-28,2197,3392
B02765,2015-01-28,1393,1924
B02682,2015-01-28,112,1725
B02598,2015-01-28,329,7957
B02512,2015-01-28,864,1530
B02764,2015-01-28,1247,5273
B02682,2015-01-28,1404,8391
B02764,2015-01-28,1592,7426
B02764,2015-01-29,112,3564
B02764,2015-01-29,1388,1865
B02598,2015-01-29,112,9443
B02617,2015-01-29,4020,12841
B02764,2015-01-29,4291,9381
B02682,2015-01-29,159,11619
B02764,2015-01-29,2477,6159
B02765,2015-01-29,440,2098
B02764,2015-01-29,1560,3921
B02512,2015-01-29,941,1767
B02764,2015-01-29,1038,3343
B02764,2015-01-29,1058,2163
B02764,2015-01-29,710,2277
B02682,2015-01-30,339,13959
B02764,2015-01-30,453,5045
B02512,2015-01-30,1829,2136
B02764,2015-01-30,1199,6628
B02764,2015-01-30,2930,10560
B02764,2015-01-30,1481,7502
B02598,2015-01-30,1325,11136
B02764,2015-01-30,346,2503
B02764,2015-01-30,3947,6566
B02765,2015-01-30,675,2779
B02617,2015-01-30,3800,15110
B02764,2015-01-30,1013,1641
B02682,2015-01-31,1446,15485
B02764,2015-01-31,1678,1804
B02598,2015-01-31,985,11652
B02764,2015-01-31,1232,4966
B02765,2015-01-31,1168,3318
B02512,2015-01-31,1956,1984
B02764,2015-01-31,1289,628
B02764,2015-01-31,112,10998
B02764,2015-01-31,434,2366
B02764,2015-01-31,4017,4320
B02764,2015-01-31,112,6841
B02764,2015-01-31,637,11480
B02617,2015-01-31,2433,16143
B02764,2015-01-31,1113,2463
B02764,2015-02-01,2069,6222
B02512,2015-02-01,429,1511
B02764,2015-02-01,112,5880
B02765,2015-02-01,1858,2646
B02598,2015-02-01,2786,9456
B02764,2015-02-01,875,3343
B02764,2015-02-01,128,2891
B02764,2015-02-01,2954,1789
B02764,2015-02-01,1148,5793
B02682,2015-02-01,2430,12533
B02764,2015-02-01,112,1254
B02764,2015-02-01,1159,4798
B02617,2015-02-01,1959,13790
B02764,2015-02-01,112,6686
B02617,2015-02-02,2033,12529
B02682,2015-02-02,1167,12081
B02765,2015-02-02,1466,2619
B02764,2015-02-02,1906,2266
B02764,2015-02-02,2499,1877
B02764,2015-02-02,1146,2219
B02764,2015-02-02,2181,10166
B02764,2015-02-02,2716,5081
B02764,2015-02-02,112,3396
B02512,2015-02-02,1293,1965
B02764,2015-02-02,3213,6686
B02598,2015-02-02,234,9308
B02764,2015-02-03,917,511
B02598,2015-02-03,1050,9473
B02764,2015-02-03,1898,3276
B02617,2015-02-03,1278,12903
B02764,2015-02-03,2301,3343
B02512,2015-02-03,241,2086
B02682,2015-02-03,432,12134
B02764,2015-02-03,1569,1467
B02765,2015-02-03,1371,2394
B02764,2015-02-03,522,5100
B02764,2015-02-03,285,2614
B02764,2015-02-03,869,344
B02764,2015-02-03,1681,5858
B02764,2015-02-03,112,6686
B02764,2015-02-03,1095,3343
B02764,2015-02-04,1643,3343
B02617,2015-02-04,112,12268
B02764,2015-02-04,586,11421
B02764,2015-02-04,1452,2011
B02764,2015-02-04,521,450
B02598,2015-02-04,2096,9476
B02764,2015-02-04,749,2644
B02764,2015-02-04,1774,4184
B02765,2015-02-04,860,2304
B02512,2015-02-04,748,1748
B02764,2015-02-04,334,5517
B02682,2015-02-04,656,11467
B02764,2015-02-04,219,1404
B02765,2015-02-05,112,3014
B02764,2015-02-05,2516,4073
B02764,2015-02-05,873,3656
B02682,2015-02-05,311,13876
B02764,2015-02-05,515,3343
B02764,2015-02-05,112,1185
B02598,2015-02-05,112,11482
B02512,2015-02-05,1167,2145
B02764,2015-02-05,2039,9398
B02764,2015-02-05,1519,3761
B02764,2015-02-05,112,3809
B02764,2015-02-05,112,1106
B02764,2015-02-05,4386,6664
B02617,2015-02-05,112,14824
B02764,2015-02-06,2904,1775
B02764,2015-02-06,606,3383
B02764,2015-02-06,1376,3749
B02764,2015-02-06,1365,529
B02764,2015-02-06,1882,5381
B02617,2015-02-06,2751,4134
B02617,2015-02-06,2101,11568
B02764,2015-02-06,468,6686
B02764,2015-02-06,2719,3343
B02764,2015-02-06,1762,4529
B02765,2015-02-06,112,3567
B02682,2015-02-06,3182,14525
B02512,2015-02-06,2440,2172
B02598,2015-02-06,2493,8443
B02764,2015-02-06,1849,10471
B02598,2015-02-06,1548,3313
B02512,2015-02-07,447,1637
B02764,2015-02-07,1778,2206
B02682,2015-02-07,112,8796
B02764,2015-02-07,2008,3343
B02764,2015-02-07,1528,2747
B02682,2015-02-07,128,4804
B02764,2015-02-07,112,3343
B02617,2015-02-07,112,13937
B02764,2015-02-07,1786,2355
B02598,2015-02-07,2079,10426
B02765,2015-02-07,992,3453
B02764,2015-02-07,330,5332
B02764,2015-02-07,1909,4187
B02764,2015-02-07,284,11456
B02764,2015-02-07,1917,4730
B02512,2015-02-08,3345,1321
B02764,2015-02-08,1159,3343
B02764,2015-02-08,2908,2166
B02765,2015-02-08,1669,2619
B02764,2015-02-08,112,6686
B02764,2015-02-08,2896,7350
B02682,2015-02-08,2273,1923
B02764,2015-02-08,2177,593
B02617,2015-02-08,112,11202
B02764,2015-02-08,1314,8729
B02764,2015-02-08,1086,1729
B02598,2015-02-08,1019,8098
B02682,2015-02-08,2194,8568
B02617,2015-02-09,575,11172
B02765,2015-02-09,1756,2870
B02764,2015-02-09,112,29172
B02598,2015-02-09,2178,8059
B02512,2015-02-09,684,1666
B02682,2015-02-09,1387,10367
B02598,2015-02-10,422,8601
B02765,2015-02-10,2416,3475
B02512,2015-02-10,967,1676
B02682,2015-02-10,1235,10730
B02764,2015-02-10,2208,30079
B02617,2015-02-10,112,11636
B02617,2015-02-11,1407,13003
B02512,2015-02-11,2343,1944
B02765,2015-02-11,2229,3798
B02598,2015-02-11,1544,9901
B02764,2015-02-11,1330,32730
B02682,2015-02-11,2219,12366
B02617,2015-02-12,394,14547
B02598,2015-02-12,634,11531
B02764,2015-02-12,550,37781
B02682,2015-02-12,3330,14031
B02512,2015-02-12,3606,2218
B02765,2015-02-12,1257,4643
B02512,2015-02-13,1535,2585
B02617,2015-02-13,112,17324
B02764,2015-02-13,1439,44958
B02765,2015-02-13,2101,5924
B02598,2015-02-13,1467,12881
B02682,2015-02-13,2169,16225
B02764,2015-02-14,399,25011
B02682,2015-02-14,583,6500
B02682,2015-02-14,1525,10117
B02598,2015-02-14,2036,12549
B02764,2015-02-14,1609,22248
B02765,2015-02-14,422,6375
B02512,2015-02-14,112,2185
B02617,2015-02-14,770,17362
B02765,2015-02-15,1002,5469
B02617,2015-02-15,1500,15001
B02598,2015-02-15,1416,11377
B02764,2015-02-15,112,42487
B02682,2015-02-15,3144,14830
B02512,2015-02-15,254,2156
B02764,2015-02-16,3254,34540
B02617,2015-02-16,1684,12130
B02598,2015-02-16,1917,8921
B02765,2015-02-16,2402,4947
B02682,2015-02-16,2713,11431
B02512,2015-02-16,2587,1703
B02682,2015-02-17,1272,11949
B02617,2015-02-17,999,12676
B02765,2015-02-17,125,4907
B02598,2015-02-17,3972,9362
B02512,2015-02-17,112,1940
B02764,2015-02-17,1135,33387
B02765,2015-02-18,112,5097
B02764,2015-02-18,2961,33222
B02682,2015-02-18,1176,11867
B02598,2015-02-18,3697,9374
B02512,2015-02-18,737,1729
B02617,2015-02-18,828,12204
B02764,2015-02-19,3662,34989
B02682,2015-02-19,3313,333
B02765,2015-02-19,1413,6480
B02512,2015-02-19,3037,2263
B02764,2015-02-19,1367,5240
B02598,2015-02-19,1860,11569
B02617,2015-02-19,1175,15014
B02682,2015-02-19,3251,14383
B02682,2015-02-20,112,16465
B02765,2015-02-20,1387,2157
B02598,2015-02-20,1655,12680
B02764,2015-02-20,821,46018
B02765,2015-02-20,2732,5716
B02617,2015-02-20,2729,17158
B02512,2015-02-20,112,2568
B02682,2015-02-21,2235,16459
B02512,2015-02-21,2502,2267
B02598,2015-02-21,670,11380
B02598,2015-02-21,2874,646
B02764,2015-02-21,1152,31019
B02764,2015-02-21,1750,14480
B02617,2015-02-21,112,16485
B02765,2015-02-21,1573,7745
B02512,2015-02-22,112,1441
B02764,2015-02-22,2454,19939
B02764,2015-02-22,1996,3837
B02764,2015-02-22,112,7229
B02617,2015-02-22,1550,11051
B02765,2015-02-22,1067,5059
B02598,2015-02-22,1697,8222
B02682,2015-02-22,566,11066
B02764,2015-02-23,1031,18489
B02765,2015-02-23,1635,5873
B02598,2015-02-23,2668,8847
B02682,2015-02-23,1321,11875
B02617,2015-02-23,2789,6661
B02764,2015-02-23,132,13521
B02617,2015-02-23,2536,5282
B02512,2015-02-23,2898,1946
B02765,2015-02-24,3494,6415
B02682,2015-02-24,2215,12752
B02764,2015-02-24,3487,17865
B02617,2015-02-24,3142,7795
B02598,2015-02-24,2525,9709
B02764,2015-02-24,3118,17827
B02512,2015-02-24,112,2014
B02617,2015-02-24,2114,6143
B02617,2015-02-25,2889,13081
B02512,2015-02-25,112,1756
B02764,2015-02-25,498,16507
B02682,2015-02-25,3664,12851
B02598,2015-02-25,112,9277
B02764,2015-02-25,112,16273
B02765,2015-02-25,1589,6247
B02764,2015-02-26,2489,17363
B02764,2015-02-26,641,19568
B02617,2015-02-26,956,14749
B02682,2015-02-26,1101,12188
B02682,2015-02-26,874,1774
B02765,2015-02-26,3052,6820
B02512,2015-02-26,2052,1931
B02598,2015-02-26,187,10447
B02617,2015-02-27,3967,14900
B02598,2015-02-27,112,10605
B02764,2015-02-27,112,9889
B02765,2015-02-27,3239,7631
B02682,2015-02-27,3468,15174
B02764,2015-02-27,612,2925
B02764,2015-02-27,339,26889
B02512,2015-02-27,112,2204
B02682,2015-02-28,1206,14654
B02617,2015-02-28,919,14238
B02764,2015-02-28,1193,7667
B02598,2015-02-28,1448,10209
B02764,2015-02-28,112,7764
B02512,2015-02-28,112,1915
B02765,2015-02-28,534,7851
B02764,2015-02-28,185,25418
B02682,2015-03-01,680,11983
B02765,2015-03-01,1130,6367
B02764,2015-03-01,1636,21532
B02512,2015-03-01,2803,1512
B02617,2015-03-01,3912,11658
B02598,2015-03-01,3634,7536
B02764,2015-03-01,2725,10251
B02765,2015-03-02,2674,5262
B02764,2015-03-02,562,13568
B02617,2015-03-02,253,9567
B02512,2015-03-02,1984,1500
B02682,2015-03-02,936,9800
B02598,2015-03-02,1792,6812
B02764,2015-03-02,112,10951
B02764,2015-03-03,2859,16332
B02765,2015-03-03,215,7055
B02512,2015-03-03,2384,1969
B02617,2015-03-03,3391,3962
B02682,2015-03-03,1810,13083
B02764,2015-03-03,112,11122
B02617,2015-03-03,1675,8283
B02764,2015-03-03,326,4483
B02598,2015-03-03,1120,8759
B02598,2015-03-04,1105,8323
B02764,2015-03-04,112,26759
B02765,2015-03-04,1121,6555
B02764,2015-03-04,2120,1319
B02512,2015-03-04,890,1626
B02764,2015-03-04,1173,2529
B02682,2015-03-04,1414,12771
B02617,2015-03-04,1012,12049
B02512,2015-03-05,112,1917
B02764,2015-03-05,2231,4926
B02598,2015-03-05,1668,9376
B02682,2015-03-05,2306,13855
B02765,2015-03-05,2808,6801
B02764,2015-03-05,2915,28187
B02617,2015-03-05,2669,12384
B02512,2015-03-06,486,2036
B02764,2015-03-06,3568,2348
B02598,2015-03-06,4395,1601
B02682,2015-03-06,1656,8507
B02682,2015-03-06,1056,6180
B02764,2015-03-06,112,27319
B02617,2015-03-06,112,13492
B02598,2015-03-06,3455,8335
B02765,2015-03-06,2725,7529
B02764,2015-03-06,1808,5787
B02682,2015-03-07,397,12675
B02764,2015-03-07,2062,21577
B02617,2015-03-07,1466,12568
B02512,2015-03-07,112,1670
B02765,2015-03-07,1987,7701
B02598,2015-03-07,1401,8495
B02682,2015-03-07,112,2041
B02598,2015-03-07,2308,384
B02764,2015-03-07,2673,14357
B02617,2015-03-08,112,9854
B02512,2015-03-08,2209,1154
B02764,2015-03-08,435,13003
B02765,2015-03-08,3247,5621
B02682,2015-03-08,2297,11087
B02598,2015-03-08,1931,6744
B02764,2015-03-08,885,14361
B02682,2015-03-09,1832,9736
B02764,2015-03-09,724,16961
B02765,2015-03-09,112,5129
B02617,2015-03-09,1086,8647
B02512,2015-03-09,1751,1434
B02764,2015-03-09,112,5800
B02598,2015-03-09,1035,6213
B02682,2015-03-10,1334,12973
B02512,2015-03-10,3191,1881
B02764,2015-03-10,1996,4443
B02764,2015-03-10,2262,4142
B02764,2015-03-10,112,18048
B02764,2015-03-10,3092,2810
B02598,2015-03-10,1206,8305
B02764,2015-03-10,2290,941
B02765,2015-03-10,1051,6979
B02617,2015-03-10,1449,11663
B02512,2015-03-11,763,1636
B02617,2015-03-11,1134,10611
B02764,2015-03-11,1012,23510
B02765,2015-03-11,2964,6148
B02764,2015-03-11,829,3854
B02682,2015-03-11,1990,11939
B02598,2015-03-11,112,7617
B02764,2015-03-12,127,23339
B02598,2015-03-12,187,8831
B02764,2015-03-12,1553,7849
B02617,2015-03-12,1121,11729
B02512,2015-03-12,2431,1713
B02682,2015-03-12,1967,13738
B02765,2015-03-12,1701,6839
B02512,2015-03-13,2079,1787
B02764,2015-03-13,2517,14330
B02682,2015-03-13,707,14014
B02617,2015-03-13,1843,12237
B02764,2015-03-13,562,19426
B02682,2015-03-13,227,689
B02765,2015-03-13,112,7952
B02598,2015-03-13,112,8837
B02764,2015-03-14,1460,10892
B02764,2015-03-14,1150,20909
B02682,2015-03-14,112,17155
B02765,2015-03-14,286,9356
B02764,2015-03-14,587,7239
B02512,2015-03-14,2101,1843
B02617,2015-03-14,224,13845
B02598,2015-03-14,236,9717
B02617,2015-03-15,2545,4496
B02765,2015-03-15,1451,6285
B02764,2015-03-15,1420,14338
B02617,2015-03-15,2619,5219
B02512,2015-03-15,2094,1153
B02764,2015-03-15,3107,13175
B02598,2015-03-15,1997,7034
B02682,2015-03-15,1603,11721
B02512,2015-03-16,112,1325
B02764,2015-03-16,879,834
B02764,2015-03-16,3769,5169
B02598,2015-03-16,112,5995
B02764,2015-03-16,1060,4876
B02764,2015-03-16,170,12198
B02617,2015-03-16,977,8690
B02682,2015-03-16,1430,10198
B02765,2015-03-16,112,5539
B02617,2015-03-17,2603,9566
B02598,2015-03-17,2352,7020
B02512,2015-03-17,941,1373
B02764,2015-03-17,1546,4304
B02682,2015-03-17,560,11999
B02764,2015-03-17,3672,21103
B02765,2015-03-17,2761,6082
B02764,2015-03-17,112,1439
B02512,2015-03-18,3111,1538
B02764,2015-03-18,2851,5740
B02682,2015-03-18,1953,13567
B02765,2015-03-18,112,6633
B02764,2015-03-18,2529,23874
B02598,2015-03-18,112,8017
B02617,2015-03-18,112,11015
B02598,2015-03-19,112,8724
B02765,2015-03-19,1369,7240
B02764,2015-03-19,112,15834
B02617,2015-03-19,1253,11891
B02764,2015-03-19,1304,15603
B02682,2015-03-19,2690,14890
B02512,2015-03-19,1810,1657
B02617,2015-03-20,2453,14277
B02682,2015-03-20,3326,18879
B02512,2015-03-20,631,2031
B02765,2015-03-20,1619,9558
B02764,2015-03-20,2105,8515
B02764,2015-03-20,3227,22359
B02764,2015-03-20,3154,9166
B02598,2015-03-20,2518,10488
B02764,2015-03-21,1764,1057
B02512,2015-03-21,3910,1487
B02764,2015-03-21,144,14784
B02765,2015-03-21,1678,8408
B02764,2015-03-21,2821,8296
B02682,2015-03-21,3393,16346
B02764,2015-03-21,112,10215
B02617,2015-03-21,112,11733
B02598,2015-03-21,1796,8419
B02765,2015-03-22,112,6924
B02617,2015-03-22,112,9843
B02512,2015-03-22,3226,1338
B02682,2015-03-22,1640,13599
B02764,2015-03-22,112,6957
B02764,2015-03-22,112,17203
B02598,2015-03-22,1631,7315
B02764,2015-03-22,1996,6158
B02598,2015-03-23,1542,6609
B02765,2015-03-23,1310,6049
B02512,2015-03-23,2126,1492
B02682,2015-03-23,2757,11770
B02764,2015-03-23,530,2266
B02764,2015-03-23,1964,21657
B02764,2015-03-23,3672,1110
B02617,2015-03-23,890,9545
B02764,2015-03-24,655,22037
B02764,2015-03-24,2456,5118
B02598,2015-03-24,1879,7291
B02512,2015-03-24,654,1499
B02765,2015-03-24,1716,6197
B02617,2015-03-24,275,9795
B02682,2015-03-24,2558,12463
B02764,2015-03-25,2212,15467
B02765,2015-03-25,112,7262
B02617,2015-03-25,1627,11152
B02512,2015-03-25,1414,1675
B02598,2015-03-25,2542,8518
B02682,2015-03-25,2079,14818
B02764,2015-03-25,3288,15061
B02682,2015-03-26,359,15634
B02617,2015-03-26,2409,11961
B02512,2015-03-26,1918,1726
B02764,2015-03-26,1122,17164
B02765,2015-03-26,1292,7698
B02598,2015-03-26,2961,9224
B02764,2015-03-26,1207,9075
B02764,2015-03-26,948,4220
B02764,2015-03-26,112,1850
B02682,2015-03-27,2727,9489
B02617,2015-03-27,112,12111
B02764,2015-03-27,1108,5426
B02598,2015-03-27,338,8582
B02682,2015-03-27,1553,8184
B02764,2015-03-27,2121,9247
B02765,2015-03-27,924,8540
B02764,2015-03-27,3669,7236
B02598,2015-03-27,1780,506
B02764,2015-03-27,762,13925
B02512,2015-03-27,2055,1731
B02598,2015-03-28,1231,8464
B02764,2015-03-28,2168,24200
B02764,2015-03-28,1589,14215
B02765,2015-03-28,2670,9598
B02764,2015-03-28,458,1049
B02598,2015-03-28,1864,844
B02682,2015-03-28,1812,15629
B02682,2015-03-28,112,3883
B02617,2015-03-28,1784,12998
B02512,2015-03-28,3160,1647
B02764,2015-03-29,341,9469
B02764,2015-03-29,1501,4100
B02764,2015-03-29,112,18834
B02682,2015-03-29,1212,15528
B02765,2015-03-29,2980,7696
B02598,2015-03-29,741,7787
B02617,2015-03-29,3179,1941
B02617,2015-03-29,893,8758
B02512,2015-03-29,1594,1535
B02598,2015-03-30,1910,6672
B02764,2015-03-30,112,6175
B02682,2015-03-30,112,13040
B02764,2015-03-30,1954,12331
B02617,2015-03-30,551,9232
B02765,2015-03-30,1323,6369
B02512,2015-03-30,1433,1437
B02764,2015-03-30,199,7524
B02598,2015-03-31,261,8817
B02764,2015-03-31,1788,10045
B02682,2015-03-31,112,16257
B02764,2015-03-31,1751,3934
B02764,2015-03-31,1075,7485
B02512,2015-03-31,769,1743
B02764,2015-03-31,931,7804
B02764,2015-03-31,587,3343
B02765,2015-03-31,129,7699
B02617,2015-03-31,225,11766
B02512,2015-04-01,751,461
B02682,2015-04-01,1957,14991
B02764,2015-04-01,112,14424
B02764,2015-04-01,112,13599
B02765,2015-04-01,1587,6983
B02598,2015-04-01,1856,7942
B02764,2015-04-01,1379,250
B02617,2015-04-01,546,10573
B02617,2015-04-02,1250,11247
B02765,2015-04-02,112,7602
B02682,2015-04-02,1324,16065
B02598,2015-04-02,1942,8610
B02764,2015-04-02,587,10103
B02512,2015-04-02,1499,481
B02764,2015-04-02,3096,19961
B02598,2015-04-03,3211,7742
B02682,2015-04-03,1180,16942
B02765,2015-04-03,1093,8012
B02764,2015-04-03,1803,11698
B02617,2015-04-03,1385,10820
B02764,2015-04-03,112,14862
B02512,2015-04-03,1971,391
B02764,2015-04-03,787,5516
B02764,2015-04-04,1177,765
B02682,2015-04-04,1327,1867
B02682,2015-04-04,2540,13885
B02617,2015-04-04,524,9647
B02764,2015-04-04,112,8465
B02764,2015-04-04,309,2419
B02764,2015-04-04,2779,11752
B02765,2015-04-04,890,3801
B02764,2015-04-04,2385,1440
B02764,2015-04-04,112,4240
B02765,2015-04-04,112,3567
B02512,2015-04-04,1083,381
B02598,2015-04-04,841,6960
B02617,2015-04-05,1831,8188
B02598,2015-04-05,112,5893
B02764,2015-04-05,1416,711
B02764,2015-04-05,286,7810
B02682,2015-04-05,916,13022
B02764,2015-04-05,1624,16021
B02765,2015-04-05,112,6333
B02512,2015-04-05,1450,379
B02682,2015-04-06,1378,12277
B02512,2015-04-06,229,392
B02617,2015-04-06,1337,7454
B02598,2015-04-06,2729,5564
B02764,2015-04-06,112,8519
B02764,2015-04-06,1417,13519
B02765,2015-04-06,2427,5840
B02682,2015-04-07,121,15027
B02512,2015-04-07,244,199
B02617,2015-04-07,381,10001
B02764,2015-04-07,2682,4288
B02764,2015-04-07,1713,8572
B02764,2015-04-07,1183,1231
B02764,2015-04-07,468,4128
B02598,2015-04-07,1236,7144
B02765,2015-04-07,1190,7093
B02764,2015-04-07,1149,4368
B02764,2015-04-07,1714,766
B02764,2015-04-07,374,4942
B02512,2015-04-07,112,320
B02764,2015-04-08,1633,6477
B02617,2015-04-08,1958,10447
B02764,2015-04-08,1631,9230
B02765,2015-04-08,3627,7676
B02512,2015-04-08,3931,472
B02764,2015-04-08,1876,7620
B02682,2015-04-08,1176,16125
B02764,2015-04-08,2689,5946
B02598,2015-04-08,3752,8030
B02764,2015-04-09,112,3249
B02598,2015-04-09,741,8374
B02764,2015-04-09,3310,3744
B02512,2015-04-09,112,507
B02764,2015-04-09,3309,2753
B02764,2015-04-09,1834,1079
B02764,2015-04-09,112,8430
B02617,2015-04-09,800,11561
B02682,2015-04-09,112,17725
B02765,2015-04-09,1653,7831
B02764,2015-04-09,112,6286
B02764,2015-04-09,2016,5981
B02764,2015-04-10,2337,832
B02764,2015-04-10,112,8151
B02598,2015-04-10,1258,8611
B02765,2015-04-10,1976,8628
B02764,2015-04-10,2182,7776
B02512,2015-04-10,2590,480
B02682,2015-04-10,112,18658
B02617,2015-04-10,2970,11576
B02764,2015-04-10,596,5193
B02764,2015-04-10,3015,11534
B02764,2015-04-11,112,3174
B02512,2015-04-11,1722,493
B02682,2015-04-11,259,2112
B02682,2015-04-11,1034,17647
B02765,2015-04-11,135,8780
B02764,2015-04-11,3500,5079
B02617,2015-04-11,958,11265
B02764,2015-04-11,112,7357
B02764,2015-04-11,3525,1873
B02598,2015-04-11,1897,8487
B02764,2015-04-11,112,7869
B02764,2015-04-11,3657,6056
B02764,2015-04-11,2664,2355
B02764,2015-04-12,1341,5293
B02764,2015-04-12,1059,3990
B02598,2015-04-12,575,7003
B02765,2015-04-12,2093,6817
B02764,2015-04-12,856,9230
B02512,2015-04-12,112,409
B02682,2015-04-12,1828,15524
B02617,2015-04-12,577,9663
B02764,2015-04-12,112,4338
B02764,2015-04-12,112,5240
B02764,2015-04-12,2588,219
B02598,2015-04-13,2034,5979
B02682,2015-04-13,1370,13281
B02764,2015-04-13,852,9230
B02764,2015-04-13,2394,2665
B02764,2015-04-13,678,8688
B02764,2015-04-13,739,2227
B02765,2015-04-13,2313,5978
B02617,2015-04-13,1809,8181
B02512,2015-04-13,112,426
B02682,2015-04-14,1643,14875
B02764,2015-04-14,1692,7208
B02764,2015-04-14,1927,2021
B02764,2015-04-14,1038,542
B02512,2015-04-14,1007,451
B02764,2015-04-14,1931,7145
B02617,2015-04-14,1646,9382
B02598,2015-04-14,737,6930
B02764,2015-04-14,112,2085
B02765,2015-04-14,1763,6423
B02764,2015-04-14,1020,6331
B02765,2015-04-15,1707,6571
B02512,2015-04-15,112,453
B02764,2015-04-15,228,1971
B02764,2015-04-15,112,810
B02598,2015-04-15,112,7334
B02764,2015-04-15,2622,9229
B02764,2015-04-15,2204,7259
B02764,2015-04-15,2409,2088
B02617,2015-04-15,112,9945
B02682,2015-04-15,1275,15581
B02764,2015-04-15,1000,5293
B02764,2015-04-16,2142,232
B02764,2015-04-16,1070,2429
B02764,2015-04-16,1021,2901
B02764,2015-04-16,3208,1724
B02598,2015-04-16,285,9004
B02512,2015-04-16,1310,512
B02764,2015-04-16,2265,4605
B02682,2015-04-16,2479,18442
B02765,2015-04-16,3412,8007
B02764,2015-04-16,1643,6801
B02764,2015-04-16,1430,8732
B02617,2015-04-16,2419,11714
B02764,2015-04-16,1010,3705
B02682,2015-04-17,215,6445
B02764,2015-04-17,2764,6686
B02682,2015-04-17,611,13860
B02764,2015-04-17,1447,9230
B02764,2015-04-17,112,1836
B02765,2015-04-17,2345,8710
B02764,2015-04-17,1680,7128
B02598,2015-04-17,391,9147
B02512,2015-04-17,1365,453
B02764,2015-04-17,383,2102
B02617,2015-04-17,1468,12042
B02764,2015-04-17,2978,708
B02764,2015-04-17,148,5508
B02512,2015-04-18,112,519
B02764,2015-04-18,1465,5766
B02682,2015-04-18,1792,23304
B02764,2015-04-18,934,9230
B02764,2015-04-18,4017,118
B02598,2015-04-18,2029,1118
B02765,2015-04-18,1955,9324
B02764,2015-04-18,2735,3343
B02598,2015-04-18,2833,8330
B02617,2015-04-18,112,13287
B02764,2015-04-18,2490,9225
B02764,2015-04-18,2631,4220
B02764,2015-04-18,1711,6412
B02764,2015-04-19,1164,2592
B02764,2015-04-19,1118,1102
B02764,2015-04-19,1887,6088
B02512,2015-04-19,112,452
B02617,2015-04-19,1052,10840
B02682,2015-04-19,1279,18860
B02764,2015-04-19,4395,3142
B02764,2015-04-19,2284,8127
B02598,2015-04-19,2549,8049
B02764,2015-04-19,2002,4574
B02764,2015-04-19,747,6638
B02765,2015-04-19,3035,7643
B02764,2015-04-20,3116,2106
B02765,2015-04-20,2714,7613
B02617,2015-04-20,428,11481
B02764,2015-04-20,711,904
B02764,2015-04-20,112,3343
B02764,2015-04-20,3657,6686
B02764,2015-04-20,860,2569
B02512,2015-04-20,1720,529
B02764,2015-04-20,1855,2164
B02598,2015-04-20,112,8521
B02764,2015-04-20,3441,3343
B02764,2015-04-20,661,2077
B02764,2015-04-20,400,4046
B02682,2015-04-20,112,19270
B02764,2015-04-20,1224,3424
B02764,2015-04-21,1504,1478
B02512,2015-04-21,499,437
B02764,2015-04-21,112,2950
B02764,2015-04-21,536,37
B02764,2015-04-21,1844,1454
B02764,2015-04-21,1164,3042
B02764,2015-04-21,3499,6465
B02764,2015-04-21,2277,1131
B02764,2015-04-21,2928,2765
B02617,2015-04-21,1327,10042
B02682,2015-04-21,1605,16673
B02765,2015-04-21,282,6728
B02598,2015-04-21,2094,7411
B02764,2015-04-21,257,8099
B02764,2015-04-22,3075,3343
B02764,2015-04-22,1801,3414
B02512,2015-04-22,2280,531
B02598,2015-04-22,1307,8911
B02764,2015-04-22,3034,3474
B02617,2015-04-22,1126,12168
B02764,2015-04-22,2499,5168
B02764,2015-04-22,1179,5755
B02764,2015-04-22,1418,3343
B02764,2015-04-22,599,648
B02765,2015-04-22,1739,8315
B02764,2015-04-22,929,780
B02682,2015-04-22,112,20189
B02764,2015-04-22,1505,6085
B02512,2015-04-23,1284,511
B02617,2015-04-23,112,13628
B02764,2015-04-23,1982,4282
B02682,2015-04-23,112,11518
B02764,2015-04-23,112,4375
B02764,2015-04-23,3024,6686
B02764,2015-04-23,112,5045
B02598,2015-04-23,1716,10415
B02682,2015-04-23,312,11083
B02764,2015-04-23,3092,8343
B02764,2015-04-23,1922,4183
B02764,2015-04-23,2871,58
B02764,2015-04-23,2351,2927
B02765,2015-04-23,2303,9056
B02764,2015-04-24,1512,5029
B02598,2015-04-24,422,10908
B02764,2015-04-24,962,1723
B02682,2015-04-24,3312,24790
B02617,2015-04-24,1962,14332
B02764,2015-04-24,1893,11576
B02764,2015-04-24,3855,369
B02765,2015-04-24,2024,10036
B02764,2015-04-24,888,4882
B02764,2015-04-24,3018,8932
B02764,2015-04-24,814,3172
B02764,2015-04-24,536,3343
B02512,2015-04-24,2913,596
B02764,2015-04-25,1873,3343
B02764,2015-04-25,1250,464
B02682,2015-04-25,2316,27090
B02764,2015-04-25,3037,1318
B02764,2015-04-25,465,4809
B02764,2015-04-25,3269,7195
B02598,2015-04-25,395,10819
B02764,2015-04-25,1010,1077
B02617,2015-04-25,907,4674
B02764,2015-04-25,1206,3206
B02617,2015-04-25,1541,9233
B02765,2015-04-25,3009,10649
B02512,2015-04-25,1047,636
B02764,2015-04-25,112,8764
B02764,2015-04-25,169,12993
B02764,2015-04-26,112,8562
B02617,2015-04-26,949,12049
B02765,2015-04-26,2278,8894
B02764,2015-04-26,1570,4256
B02764,2015-04-26,326,2549
B02764,2015-04-26,2584,6252
B02682,2015-04-26,1365,21777
B02764,2015-04-26,1917,3403
B02598,2015-04-26,112,9036
B02764,2015-04-26,1823,8272
B02764,2015-04-26,4395,3149
B02512,2015-04-26,2157,474
B02512,2015-04-27,234,487
B02598,2015-04-27,3999,6922
B02682,2015-04-27,1889,7572
B02682,2015-04-27,1603,8864
B02764,2015-04-27,112,2495
B02764,2015-04-27,1315,4170
B02764,2015-04-27,3707,3343
B02764,2015-04-27,1371,3343
B02764,2015-04-27,1901,4367
B02765,2015-04-27,1420,6442
B02764,2015-04-27,112,4049
B02617,2015-04-27,1597,9101
B02764,2015-04-27,1516,285
B02764,2015-04-27,2103,3343
B02598,2015-04-28,3294,7077
B02764,2015-04-28,1896,1794
B02764,2015-04-28,112,4335
B02764,2015-04-28,1743,4189
B02512,2015-04-28,112,530
B02764,2015-04-28,1061,1549
B02764,2015-04-28,1605,22
B02764,2015-04-28,534,8923
B02764,2015-04-28,2186,6303
B02617,2015-04-28,1854,9508
B02682,2015-04-28,1856,17644
B02765,2015-04-28,568,6989
B02764,2015-04-29,112,3051
B02764,2015-04-29,1585,4893
B02764,2015-04-29,1137,4654
B02764,2015-04-29,112,822
B02512,2015-04-29,1599,505
B02598,2015-04-29,2825,8119
B02617,2015-04-29,662,10823
B02764,2015-04-29,2359,3343
B02765,2015-04-29,2538,7526
B02764,2015-04-29,1701,3343
B02682,2015-04-29,350,19642
B02764,2015-04-29,1517,2905
B02764,2015-04-29,352,6314
B02512,2015-04-30,481,521
B02764,2015-04-30,3335,8429
B02764,2015-04-30,2479,1549
B02764,2015-04-30,2740,4331
B02598,2015-04-30,185,9098
B02765,2015-04-30,3403,8295
B02764,2015-04-30,1467,6093
B02764,2015-04-30,1721,3138
B02682,2015-04-30,1098,21686
B02764,2015-04-30,4395,3996
B02764,2015-04-30,878,1535
B02617,2015-04-30,157,12058
B02764,2015-04-30,3652,3601
B02764,2015-05-01,824,3900
B02765,2015-05-01,2933,9231
B02598,2015-05-01,1068,8930
B02682,2015-05-01,2145,5665
B02764,2015-05-01,112,235
B02512,2015-05-01,2112,1779
B02682,2015-05-01,1465,20374
B02764,2015-05-01,1128,28197
B02617,2015-05-01,112,11872
B02764,2015-05-01,112,2146
B02512,2015-05-02,2123,1774
B02764,2015-05-02,724,40140
B02598,2015-05-02,112,9330
B02765,2015-05-02,2823,10620
B02682,2015-05-02,2385,30380
B02617,2015-05-02,1104,12734
B02617,2015-05-03,112,9992
B02598,2015-05-03,112,7431
B02765,2015-05-03,112,7781
B02764,2015-05-03,112,30941
B02682,2015-05-03,799,22803
B02512,2015-05-03,2662,1352
B02765,2015-05-04,847,6364
B02512,2015-05-04,4395,1324
B02764,2015-05-04,2496,24155
B02682,2015-05-04,1540,18624
B02598,2015-05-04,2230,6610
B02617,2015-05-04,3015,8370
B02617,2015-05-05,588,10146
B02765,2015-05-05,112,7549
B02682,2015-05-05,608,21527
B02764,2015-05-05,1749,27934
B02598,2015-05-05,112,7581
B02512,2015-05-05,525,1458
B02682,2015-05-06,1826,1291
B02598,2015-05-06,776,4472
B02764,2015-05-06,1432,29134
B02598,2015-05-06,964,3623
B02765,2015-05-06,626,7612
B02617,2015-05-06,112,10768
B02682,2015-05-06,789,21979
B02512,2015-05-06,1350,1568
B02682,2015-05-07,3058,25745
B02598,2015-05-07,112,8736
B02764,2015-05-07,1866,31346
B02512,2015-05-07,1329,1693
B02765,2015-05-07,112,8139
B02617,2015-05-07,2904,11611
B02764,2015-05-07,112,91
B02765,2015-05-08,457,5712
B02765,2015-05-08,1511,3366
B02512,2015-05-08,1960,1679
B02617,2015-05-08,562,11703
B02682,2015-05-08,1188,26542
B02764,2015-05-08,3929,32980
B02598,2015-05-08,1928,8751
B02512,2015-05-09,2211,1432
B02682,2015-05-09,333,30128
B02598,2015-05-09,112,9014
B02764,2015-05-09,1210,36157
B02617,2015-05-09,1561,11786
B02765,2015-05-09,1623,9842
B02512,2015-05-10,1744,1110
B02764,2015-05-10,796,29612
B02765,2015-05-10,3582,7836
B02617,2015-05-10,1722,9876
B02682,2015-05-10,533,4400
B02682,2015-05-10,1625,19808
B02598,2015-05-10,760,7504
B02764,2015-05-11,1042,25004
B02512,2015-05-11,1102,1370
B02765,2015-05-11,1626,6801
B02617,2015-05-11,112,8845
B02598,2015-05-11,2065,7245
B02682,2015-05-11,322,21045
B02512,2015-05-12,3200,1463
B02682,2015-05-12,112,23548
B02764,2015-05-12,1503,4521
B02617,2015-05-12,550,9866
B02765,2015-05-12,814,7431
B02598,2015-05-12,1374,7926
B02764,2015-05-12,2247,23682
B02765,2015-05-13,112,8056
B02764,2015-05-13,2219,30024
B02682,2015-05-13,1182,25426
B02617,2015-05-13,1849,11231
B02512,2015-05-13,2204,1625
B02598,2015-05-13,2249,8575
B02764,2015-05-14,458,6096
B02764,2015-05-14,112,27277
B02617,2015-05-14,1434,11902
B02598,2015-05-14,3655,9696
B02682,2015-05-14,1198,28502
B02765,2015-05-14,880,8492
B02512,2015-05-14,668,1659
B02682,2015-05-15,1080,30978
B02617,2015-05-15,2150,12372
B02764,2015-05-15,112,27350
B02764,2015-05-15,782,8474
B02598,2015-05-15,112,9603
B02512,2015-05-15,112,1680
B02765,2015-05-15,112,9299
B02617,2015-05-16,839,3789
B02764,2015-05-16,1083,339
B02682,2015-05-16,1082,25207
B02598,2015-05-16,1355,11125
B02617,2015-05-16,958,10492
B02682,2015-05-16,1420,12963
B02764,2015-05-16,1070,27689
B02765,2015-05-16,112,11885
B02764,2015-05-16,561,16310
B02512,2015-05-16,2824,1758
B02598,2015-05-17,3167,8341
B02764,2015-05-17,185,11372
B02765,2015-05-17,985,9155
B02764,2015-05-17,1817,23022
B02512,2015-05-17,112,1449
B02682,2015-05-17,3001,28542
B02617,2015-05-17,1328,3472
B02617,2015-05-17,2330,7713
B02682,2015-05-17,112,1256
B02512,2015-05-18,900,1403
B02765,2015-05-18,2091,7111
B02764,2015-05-18,1835,22511
B02764,2015-05-18,1946,4654
B02598,2015-05-18,1766,7375
B02682,2015-05-18,811,23824
B02617,2015-05-18,2257,9536
B02764,2015-05-19,487,19913
B02512,2015-05-19,2071,1622
B02764,2015-05-19,112,3725
B02682,2015-05-19,1243,26549
B02765,2015-05-19,1316,7532
B02764,2015-05-19,869,6648
B02617,2015-05-19,569,11009
B02598,2015-05-19,2125,8373
B02617,2015-05-20,2193,11439
B02682,2015-05-20,1090,18032
B02598,2015-05-20,612,8823
B02764,2015-05-20,2191,9509
B02764,2015-05-20,2154,11811
B02765,2015-05-20,112,8186
B02764,2015-05-20,2537,8951
B02512,2015-05-20,3783,1696
B02682,2015-05-20,112,10675
B02764,2015-05-20,112,1940
B02598,2015-05-21,1376,9259
B02617,2015-05-21,217,12079
B02764,2015-05-21,1571,1300
B02682,2015-05-21,3081,29895
B02764,2015-05-21,112,24449
B02512,2015-05-21,112,1803
B02764,2015-05-21,2089,7897
B02765,2015-05-21,2132,8464
B02764,2015-05-22,112,19793
B02512,2015-05-22,3345,1240
B02764,2015-05-22,1471,10960
B02682,2015-05-22,226,28408
B02617,2015-05-22,538,9944
B02598,2015-05-22,2301,7465
B02765,2015-05-22,4395,7961
B02765,2015-05-23,346,7704
B02617,2015-05-23,1596,8743
B02682,2015-05-23,770,26942
B02512,2015-05-23,1036,982
B02764,2015-05-23,2681,9517
B02764,2015-05-23,217,18080
B02598,2015-05-23,112,6375
B02598,2015-05-24,216,5120
B02764,2015-05-24,895,16829
B02765,2015-05-24,1575,6849
B02764,2015-05-24,317,7591
B02512,2015-05-24,357,884
B02598,2015-05-24,1087,346
B02682,2015-05-24,3772,3225
B02682,2015-05-24,2011,19777
B02617,2015-05-24,3723,7707
B02512,2015-05-25,984,794
B02764,2015-05-25,1508,15641
B02765,2015-05-25,1651,5888
B02682,2015-05-25,2689,20745
B02598,2015-05-25,2048,4776
B02764,2015-05-25,2606,5518
B02617,2015-05-25,2592,6386
B02512,2015-05-26,2055,1228
B02682,2015-05-26,610,23714
B02764,2015-05-26,112,8080
B02598,2015-05-26,813,6500
B02764,2015-05-26,2374,1553
B02764,2015-05-26,2548,16176
B02765,2015-05-26,383,6654
B02617,2015-05-26,2100,8915
B02765,2015-05-27,860,8010
B02598,2015-05-27,2792,8339
B02512,2015-05-27,322,1683
B02617,2015-05-27,1255,11328
B02764,2015-05-27,1400,809
B02764,2015-05-27,579,11176
B02682,2015-05-27,1452,28857
B02764,2015-05-27,1396,11617
B02764,2015-05-27,1652,6843
B02682,2015-05-28,609,26260
B02764,2015-05-28,3289,19610
B02598,2015-05-28,2973,9159
B02764,2015-05-28,327,5709
B02764,2015-05-28,1176,7284
B02765,2015-05-28,2595,8858
B02682,2015-05-28,112,4999
B02617,2015-05-28,746,11625
B02512,2015-05-28,2168,1570
B02765,2015-05-29,1764,9394
B02512,2015-05-29,112,1540
B02598,2015-05-29,2894,8935
B02617,2015-05-29,1902,8243
B02764,2015-05-29,1278,20460
B02764,2015-05-29,1026,13117
B02682,2015-05-29,1835,33179
B02617,2015-05-29,2140,3332
B02764,2015-05-30,2578,16985
B02617,2015-05-30,2599,11958
B02764,2015-05-30,112,10104
B02764,2015-05-30,181,9664
B02598,2015-05-30,3112,8543
B02512,2015-05-30,1824,1450
B02682,2015-05-30,2889,35822
B02765,2015-05-30,1430,9903
B02764,2015-05-31,2330,614
B02765,2015-05-31,1491,9487
B02617,2015-05-31,1626,11099
B02598,2015-05-31,1209,7965
B02512,2015-05-31,3070,1378
B02764,2015-05-31,2392,7172
B02682,2015-05-31,1293,24244
B02764,2015-05-31,661,17162
B02682,2015-05-31,2303,8596
B02764,2015-05-31,1806,9230
B02512,2015-06-01,3388,1673
B02764,2015-06-01,3151,1244
B02835,2015-06-01,2273,345
B02598,2015-06-01,2307,8767
B02836,2015-06-01,301,71
B02764,2015-06-01,1663,4739
B02764,2015-06-01,1755,3876
B02764,2015-06-01,1105,22351
B02765,2015-06-01,733,8478
B02617,2015-06-01,1055,10972
B02682,2015-06-01,405,30983
B02598,2015-06-02,112,9069
B02765,2015-06-02,112,8532
B02836,2015-06-02,112,75
B02617,2015-06-02,1862,12038
B02682,2015-06-02,3578,31467
B02682,2015-06-02,231,1212
B02764,2015-06-02,112,14742
B02512,2015-06-02,814,1746
B02764,2015-06-02,112,18365
B02835,2015-06-02,156,346
B02835,2015-06-03,2334,348
B02764,2015-06-03,722,1442
B02836,2015-06-03,1636,40
B02617,2015-06-03,2179,10795
B02598,2015-06-03,2868,8047
B02765,2015-06-03,112,7707
B02682,2015-06-03,1426,29385
B02512,2015-06-03,112,1467
B02764,2015-06-03,2230,24923
B02764,2015-06-03,1432,3052
B02512,2015-06-04,112,1450
B02836,2015-06-04,2128,60
B02764,2015-06-04,624,13764
B02765,2015-06-04,1358,8464
B02682,2015-06-04,1368,31917
B02835,2015-06-04,1141,343
B02598,2015-06-04,2466,8914
B02764,2015-06-04,395,15407
B02764,2015-06-04,1354,3134
B02617,2015-06-04,1679,11570
B02835,2015-06-05,634,374
B02764,2015-06-05,1260,7860
B02764,2015-06-05,2443,7579
B02617,2015-06-05,2585,11704
B02598,2015-06-05,2010,8782
B02764,2015-06-05,112,8496
B02765,2015-06-05,1421,9475
B02682,2015-06-05,231,17718
B02764,2015-06-05,306,10789
B02836,2015-06-05,112,52
B02682,2015-06-05,1239,17455
B02512,2015-06-05,3041,1638
B02512,2015-06-06,1583,1324
B02764,2015-06-06,1434,3716
B02617,2015-06-06,1049,10989
B02835,2015-06-06,2863,382
B02764,2015-06-06,3382,18146
B02836,2015-06-06,800,82
B02765,2015-06-06,2794,9319
B02764,2015-06-06,2809,12982
B02598,2015-06-06,3305,8321
B02682,2015-06-06,2061,36512
B02835,2015-06-07,1192,343
B02598,2015-06-07,112,7271
B02512,2015-06-07,1159,1260
B02617,2015-06-07,112,10084
B02765,2015-06-07,973,8071
B02764,2015-06-07,813,15057
B02764,2015-06-07,112,15899
B02682,2015-06-07,438,30810
B02836,2015-06-07,343,81
B02764,2015-06-08,1952,8819
B02617,2015-06-08,1285,2871
B02682,2015-06-08,1417,5309
B02764,2015-06-08,683,14414
B02836,2015-06-08,1247,47
B02598,2015-06-08,1383,6950
B02682,2015-06-08,1162,21362
B02835,2015-06-08,2622,301
B02512,2015-06-08,112,1290
B02765,2015-06-08,1280,6752
B02617,2015-06-08,175,6224
B02764,2015-06-08,2016,2560
B02764,2015-06-09,112,4616
B02764,2015-06-09,341,1454
B02512,2015-06-09,2720,1520
B02765,2015-06-09,2719,7441
B02764,2015-06-09,1682,17006
B02682,2015-06-09,1507,28113
B02617,2015-06-09,616,9936
B02598,2015-06-09,304,7516
B02835,2015-06-09,112,362
B02836,2015-06-09,2174,42
B02764,2015-06-09,952,4457
B02836,2015-06-10,4086,67
B02598,2015-06-10,688,8108
B02764,2015-06-10,572,4085
B02764,2015-06-10,1220,18460
B02617,2015-06-10,2480,10443
B02835,2015-06-10,1180,398
B02765,2015-06-10,1572,7522
B02682,2015-06-10,112,30392
B02764,2015-06-10,236,5863
B02764,2015-06-10,1389,528
B02512,2015-06-10,2430,1537
B02682,2015-06-11,2594,17255
B02764,2015-06-11,3424,12596
B02835,2015-06-11,3300,414
B02764,2015-06-11,112,12470
B02512,2015-06-11,112,1678
B02765,2015-06-11,112,3286
B02765,2015-06-11,1154,5727
B02764,2015-06-11,112,8551
B02598,2015-06-11,1791,9315
B02836,2015-06-11,909,71
B02682,2015-06-11,1894,18610
B02617,2015-06-11,1866,12040
B02512,2015-06-12,328,1746
B02765,2015-06-12,894,9203
B02764,2015-06-12,1314,14149
B02617,2015-06-12,724,11573
B02835,2015-06-12,3263,512
B02764,2015-06-12,1554,10980
B02598,2015-06-12,2484,8864
B02836,2015-06-12,2310,73
B02764,2015-06-12,570,9217
B02682,2015-06-12,112,36735
B02764,2015-06-13,112,7627
B02765,2015-06-13,1962,9076
B02764,2015-06-13,1357,17669
B02598,2015-06-13,112,8376
B02835,2015-06-13,1909,653
B02617,2015-06-13,2685,10823
B02836,2015-06-13,566,98
B02512,2015-06-13,785,1319
B02764,2015-06-13,2526,363
B02764,2015-06-13,2177,943
B02764,2015-06-13,112,5912
B02682,2015-06-13,620,37210
B02764,2015-06-13,2732,1101
B02836,2015-06-14,2919,82
B02598,2015-06-14,560,7284
B02617,2015-06-14,112,10060
B02682,2015-06-14,112,32537
B02764,2015-06-14,2730,9194
B02765,2015-06-14,2203,8129
B02512,2015-06-14,771,1160
B02764,2015-06-14,2378,12544
B02835,2015-06-14,2027,636
B02764,2015-06-14,430,9230
B02682,2015-06-15,788,30228
B02764,2015-06-15,1694,14596
B02764,2015-06-15,309,9264
B02617,2015-06-15,2904,9644
B02765,2015-06-15,3020,7593
B02835,2015-06-15,1134,536
B02598,2015-06-15,112,7893
B02512,2015-06-15,112,1396
B02764,2015-06-15,3058,4649
B02836,2015-06-15,112,58
B02598,2015-06-16,2632,7445
B02682,2015-06-16,619,11842
B02836,2015-06-16,411,80
B02764,2015-06-16,1904,14413
B02682,2015-06-16,994,16481
B02682,2015-06-16,2806,3331
B02764,2015-06-16,1753,6614
B02512,2015-06-16,1062,1612
B02764,2015-06-16,1365,8445
B02765,2015-06-16,1714,7939
B02617,2015-06-16,2321,10263
B02835,2015-06-16,2483,706
B02598,2015-06-17,112,8453
B02764,2015-06-17,1479,3910
B02764,2015-06-17,1467,5175
B02512,2015-06-17,2101,1586
B02764,2015-06-17,112,2752
B02836,2015-06-17,1926,54
B02764,2015-06-17,665,9456
B02764,2015-06-17,2451,9230
B02682,2015-06-17,1720,32962
B02835,2015-06-17,2646,858
B02765,2015-06-17,2171,8157
B02617,2015-06-17,371,11113
B02835,2015-06-18,2441,955
B02617,2015-06-18,3127,11816
B02512,2015-06-18,1078,1763
B02682,2015-06-18,2776,35315
B02836,2015-06-18,1898,40
B02764,2015-06-18,112,9876
B02598,2015-06-18,2035,9123
B02764,2015-06-18,2383,9086
B02764,2015-06-18,3178,13059
B02765,2015-06-18,969,8809
B02835,2015-06-19,112,1130
B02598,2015-06-19,2278,8393
B02764,2015-06-19,112,11882
B02617,2015-06-19,3141,7752
B02512,2015-06-19,332,1593
B02764,2015-06-19,3207,8725
B02617,2015-06-19,112,3446
B02764,2015-06-19,112,6098
B02682,2015-06-19,1561,4558
B02765,2015-06-19,947,9055
B02836,2015-06-19,112,75
B02682,2015-06-19,112,32420
B02764,2015-06-19,1326,6576
B02764,2015-06-20,112,6438
B02764,2015-06-20,112,12626
B02682,2015-06-20,1838,38040
B02764,2015-06-20,3494,924
B02835,2015-06-20,112,1302
B02764,2015-06-20,1174,5921
B02598,2015-06-20,1304,7792
B02764,2015-06-20,877,4907
B02617,2015-06-20,1851,10653
B02512,2015-06-20,3393,1263
B02765,2015-06-20,2608,9161
B02764,2015-06-20,112,2560
B02836,2015-06-20,548,80
B02617,2015-06-21,2648,9527
B02764,2015-06-21,490,3224
B02835,2015-06-21,2269,998
B02598,2015-06-21,1585,7241
B02682,2015-06-21,2379,13781
B02764,2015-06-21,112,9226
B02764,2015-06-21,2318,6053
B02836,2015-06-21,1975,77
B02764,2015-06-21,112,1533
B02682,2015-06-21,3211,18676
B02764,2015-06-21,245,6662
B02764,2015-06-21,2299,3174
B02512,2015-06-21,471,1169
B02765,2015-06-21,761,7944
B02764,2015-06-22,1944,6652
B02764,2015-06-22,863,2577
B02598,2015-06-22,890,6604
B02617,2015-06-22,1405,8505
B02512,2015-06-22,2495,1251
B02764,2015-06-22,739,4471
B02764,2015-06-22,4395,1560
B02764,2015-06-22,112,7933
B02765,2015-06-22,602,6252
B02836,2015-06-22,1391,51
B02682,2015-06-22,112,27302
B02835,2015-06-22,1281,964
B02764,2015-06-22,2569,1296
B02765,2015-06-23,704,7999
B02764,2015-06-23,2548,2592
B02764,2015-06-23,607,5568
B02598,2015-06-23,3481,7605
B02764,2015-06-23,112,3888
B02764,2015-06-23,112,5851
B02617,2015-06-23,307,10867
B02682,2015-06-23,2540,33647
B02764,2015-06-23,326,1053
B02764,2015-06-23,112,5480
B02835,2015-06-23,795,1146
B02836,2015-06-23,1618,68
B02598,2015-06-23,1079,357
B02512,2015-06-23,112,1709
B02764,2015-06-23,489,5342
B02512,2015-06-24,1832,1628
B02764,2015-06-24,3150,5055
B02598,2015-06-24,760,7864
B02764,2015-06-24,2408,694
B02764,2015-06-24,112,5146
B02764,2015-06-24,2042,9066
B02764,2015-06-24,1052,2750
B02836,2015-06-24,825,57
B02682,2015-06-24,1430,15630
B02617,2015-06-24,3155,10435
B02835,2015-06-24,112,1373
B02765,2015-06-24,2238,7609
B02682,2015-06-24,1022,17601
B02764,2015-06-24,901,6480
B02617,2015-06-25,3281,11426
B02512,2015-06-25,2660,1653
B02682,2015-06-25,729,36047
B02764,2015-06-25,1372,9230
B02764,2015-06-25,1465,2575
B02764,2015-06-25,895,9230
B02764,2015-06-25,112,9072
B02835,2015-06-25,1025,1561
B02765,2015-06-25,933,8602
B02764,2015-06-25,112,286
B02764,2015-06-25,405,1509
B02598,2015-06-25,1925,8662
B02836,2015-06-25,818,62
B02764,2015-06-25,1051,158
B02512,2015-06-26,311,1604
B02617,2015-06-26,2255,8830
B02764,2015-06-26,1040,5546
B02598,2015-06-26,3393,8183
B02764,2015-06-26,1602,8878
B02764,2015-06-26,112,3350
B02764,2015-06-26,2586,352
B02764,2015-06-26,795,1296
B02835,2015-06-26,2932,1843
B02617,2015-06-26,2671,2001
B02764,2015-06-26,3060,3398
B02836,2015-06-26,3048,74
B02764,2015-06-26,1476,5621
B02764,2015-06-26,1166,3609
B02682,2015-06-26,629,36307
B02765,2015-06-26,838,8616
B02512,2015-06-27,2540,1885
B02617,2015-06-27,112,13992
B02598,2015-06-27,871,10701
B02764,2015-06-27,3393,11754
B02764,2015-06-27,1919,9230
B02682,2015-06-27,2276,44309
B02836,2015-06-27,112,103
B02765,2015-06-27,780,12226
B02835,2015-06-27,905,2515
B02764,2015-06-27,1153,1602
B02764,2015-06-27,669,4536
B02764,2015-06-27,1163,7262
B02682,2015-06-27,112,5620
B02764,2015-06-27,393,5764
B02764,2015-06-27,112,3405
B02764,2015-06-27,1866,1289
B02764,2015-06-28,2210,2101
B02512,2015-06-28,112,1318
B02598,2015-06-28,1151,7115
B02764,2015-06-28,112,565
B02682,2015-06-28,209,1957
B02836,2015-06-28,3444,76
B02765,2015-06-28,3031,8518
B02617,2015-06-28,670,9824
B02764,2015-06-28,590,1085
B02764,2015-06-28,2668,9229
B02682,2015-06-28,2513,31605
B02764,2015-06-28,2070,7580
B02835,2015-06-28,2995,1764
B02764,2015-06-28,4167,6582
B02764,2015-06-28,1062,3789
B02598,2015-06-29,2974,6163
B02764,2015-06-29,1251,1916
B02512,2015-06-29,3067,1226
B02764,2015-06-29,1088,4917
B02836,2015-06-29,703,48
B02682,2015-06-29,3161,27028
B02835,2015-06-29,1626,1406
B02617,2015-06-29,112,8180
B02764,2015-06-29,1761,9229
B02765,2015-06-29,2226,6359
B02764,2015-06-29,1933,3646
B02764,2015-06-29,1476,4312
B02765,2015-06-30,735,6947
B02764,2015-06-30,1323,4147
B02764,2015-06-30,612,751
B02764,2015-06-30,2502,4332
B02598,2015-06-30,142,6695
B02764,2015-06-30,112,3702
B02835,2015-06-30,1714,1808
B02512,2015-06-30,1341,1501
B02682,2015-06-30,1388,29487
B02764,2015-06-30,147,6683
B02617,2015-06-30,1233,9163
B02764,2015-06-30,112,5485
B02764,2015-06-30,112,1880
B02836,2015-06-30,1201,46
